-- MySQL dump 10.9
--
-- Host: localhost    Database: poker
-- ------------------------------------------------------
-- Server version	4.1.21-max-log

/*!40101 SET @OLD_CHARACTER_SET_CLIENT=@@CHARACTER_SET_CLIENT */;
/*!40101 SET @OLD_CHARACTER_SET_RESULTS=@@CHARACTER_SET_RESULTS */;
/*!40101 SET @OLD_COLLATION_CONNECTION=@@COLLATION_CONNECTION */;
/*!40101 SET NAMES utf8 */;
/*!40014 SET @OLD_UNIQUE_CHECKS=@@UNIQUE_CHECKS, UNIQUE_CHECKS=0 */;
/*!40014 SET @OLD_FOREIGN_KEY_CHECKS=@@FOREIGN_KEY_CHECKS, FOREIGN_KEY_CHECKS=0 */;
/*!40101 SET @OLD_SQL_MODE=@@SQL_MODE, SQL_MODE='NO_AUTO_VALUE_ON_ZERO' */;
/*!40111 SET @OLD_SQL_NOTES=@@SQL_NOTES, SQL_NOTES=0 */;

--
-- Table structure for table `parseinfo`
--

DROP TABLE IF EXISTS `parseinfo`;
CREATE TABLE `parseinfo` (
  `parse_info_id` int(11) NOT NULL auto_increment,
  `parse_type` varchar(32) default NULL,
  `site_id` int(11) default NULL,
  `regex` text,
  `fieldnames` varchar(255) default NULL,
  PRIMARY KEY  (`parse_info_id`)
) ENGINE=MyISAM AUTO_INCREMENT=53 DEFAULT CHARSET=utf8;

--
-- Dumping data for table `parseinfo`
--

LOCK TABLES `parseinfo` WRITE;
/*!40000 ALTER TABLE `parseinfo` DISABLE KEYS */;
INSERT INTO `parseinfo` VALUES (27,'sitename',1,'/^(.*) Game #/','sitename');
INSERT INTO `parseinfo` VALUES (28,'sitename',2,'/^(.*) Game #/','sitename');
INSERT INTO `parseinfo` VALUES (29,'gameinfo',1,'/^Full Tilt Poker Game #(\\d+): Table .*? - \\$(.*)\\/\\$(.*) - (.*) - (.*) - (.*)$/','game_id,bet_low,bet_high,game_type,game_time,game_date');
INSERT INTO `parseinfo` VALUES (30,'gameinfo',2,'/^PokerStars Game #(\\d+):  (.*?) \\(\\$(.*)\\/\\$(.*)- (.*) - (.*)$/','game_id,game_type,bet_low,bet_high,game_date,game_time');
INSERT INTO `parseinfo` VALUES (31,'seatnumber',1,'/^Seat (\\d+): (.+) \\(\\$.+\\)/','seatnumber,playername,stacksize');
INSERT INTO `parseinfo` VALUES (32,'seatnumber',2,'/^Seat (\\d+): (.+) \\(\\$.+\\)/','seatnumber,playername,stacksize');
INSERT INTO `parseinfo` VALUES (33,'button',1,'/^The button is in seat #(\\d+)$/','seatnumber');
INSERT INTO `parseinfo` VALUES (34,'button',2,'/Seat #(\\d+) is the button$/','seatnumber');
INSERT INTO `parseinfo` VALUES (35,'blind',1,'/(.+) posts the (big|small) blind of \\$(.+)$/','playername,blind,amount');
INSERT INTO `parseinfo` VALUES (36,'blind',2,'/(.+) posts the (big|small) blind of \\$(.+)$/','playername,blind,amount');
INSERT INTO `parseinfo` VALUES (37,'deadblind',1,'/^(.*) posts a dead (big|small) blind of \\$(.+)$/','playername,blind,amount');
INSERT INTO `parseinfo` VALUES (38,'deadblind',2,'/^(.*) posts a dead (big|small) blind of \\$(.+)$/','playername,blind,amount');
INSERT INTO `parseinfo` VALUES (39,'otherblind',1,'/^(.*) posts \\$(.*)$/','playername,amount');
INSERT INTO `parseinfo` VALUES (40,'otherblind',2,'/^(.*) posts \\$(.*)$/','playername,amount');
INSERT INTO `parseinfo` VALUES (41,'flopheader',1,'/^\\*\\*\\* FLOP \\*\\*\\*/','');
INSERT INTO `parseinfo` VALUES (42,'flopheader',2,'/^\\*\\*\\* FLOP \\*\\*\\*/','');
INSERT INTO `parseinfo` VALUES (43,'turnheader',1,'/^\\*\\*\\* TURN \\*\\*\\*/','');
INSERT INTO `parseinfo` VALUES (44,'turnheader',2,'/^\\*\\*\\* TURN \\*\\*\\*/','');
INSERT INTO `parseinfo` VALUES (45,'riverheader',1,'/^\\*\\*\\* RIVER \\*\\*\\*/','');
INSERT INTO `parseinfo` VALUES (46,'riverheader',2,'/^\\*\\*\\* RIVER \\*\\*\\*/','');
INSERT INTO `parseinfo` VALUES (47,'showdownheader',1,'/^\\*\\*\\* SHOW DOWN \\*\\*\\*/','');
INSERT INTO `parseinfo` VALUES (48,'showdownheader',2,'/^\\*\\*\\* SHOW DOWN \\*\\*\\*/','');
INSERT INTO `parseinfo` VALUES (49,'summaryheader',1,'/^\\*\\*\\* SUMMARY \\*\\*\\*/','');
INSERT INTO `parseinfo` VALUES (50,'summaryheader',2,'/^\\*\\*\\* SUMMARY \\*\\*\\*/','');
INSERT INTO `parseinfo` VALUES (51,'showdown',1,'/^Seat \\d+: (.*) (shows|showed|mucked) \\[(A|2|3|4|5|6|7|8|9|T|J|Q|K)(c|d|s|h) (A|2|3|4|5|6|7|8|9|T|J|Q|K)(c|d|s|h)\\]/','playername,action,rank1,suit1,rank2,suit2');
INSERT INTO `parseinfo` VALUES (52,'showdown',2,'/^Seat \\d+: (.*) (shows|showed|mucked) \\[(A|2|3|4|5|6|7|8|9|T|J|Q|K)(c|d|s|h) (A|2|3|4|5|6|7|8|9|T|J|Q|K)(c|d|s|h)\\]/','playername,action,rank1,suit1,rank2,suit2');
/*!40000 ALTER TABLE `parseinfo` ENABLE KEYS */;
UNLOCK TABLES;

--
-- Table structure for table `player_hands`
--

DROP TABLE IF EXISTS `player_hands`;
CREATE TABLE `player_hands` (
  `player_id` int(10) unsigned NOT NULL default '0',
  `card1_rank` tinyint(3) unsigned NOT NULL default '0',
  `card1_suit` tinyint(3) unsigned NOT NULL default '0',
  `card2_rank` tinyint(3) unsigned NOT NULL default '0',
  `card2_suit` tinyint(3) unsigned NOT NULL default '0',
  `position` tinyint(3) unsigned NOT NULL default '0',
  `players` tinyint(3) unsigned NOT NULL default '0',
  `game_id` bigint(20) unsigned NOT NULL default '0',
  PRIMARY KEY  (`player_id`,`game_id`)
) ENGINE=MyISAM DEFAULT CHARSET=utf8;

--
-- Dumping data for table `player_hands`
--

LOCK TABLES `player_hands` WRITE;
/*!40000 ALTER TABLE `player_hands` DISABLE KEYS */;
INSERT INTO `player_hands` VALUES (3785,10,3,10,2,7,9,1131524359);
INSERT INTO `player_hands` VALUES (3791,12,1,7,1,4,9,1131524359);
INSERT INTO `player_hands` VALUES (3786,10,3,9,2,6,9,1131535321);
INSERT INTO `player_hands` VALUES (3791,11,0,9,3,2,9,1131535321);
INSERT INTO `player_hands` VALUES (3785,11,3,6,3,3,9,1131548567);
INSERT INTO `player_hands` VALUES (3791,12,1,8,1,0,9,1131548567);
INSERT INTO `player_hands` VALUES (3792,10,0,6,0,1,9,1131548567);
INSERT INTO `player_hands` VALUES (3785,12,3,8,3,1,9,1131584177);
INSERT INTO `player_hands` VALUES (3795,5,3,2,1,8,9,1131584177);
INSERT INTO `player_hands` VALUES (3787,11,1,10,1,1,9,1131594310);
INSERT INTO `player_hands` VALUES (3793,13,2,9,0,7,9,1131594310);
INSERT INTO `player_hands` VALUES (3786,13,3,10,1,8,9,1131601129);
INSERT INTO `player_hands` VALUES (3788,13,1,11,0,1,9,1131601129);
INSERT INTO `player_hands` VALUES (3788,13,1,9,0,0,9,1131607950);
INSERT INTO `player_hands` VALUES (3794,10,2,4,3,1,9,1131607950);
INSERT INTO `player_hands` VALUES (3787,10,3,9,3,7,9,1131616720);
INSERT INTO `player_hands` VALUES (3795,6,3,6,0,3,9,1131616720);
INSERT INTO `player_hands` VALUES (3794,13,3,7,0,8,9,1131625167);
INSERT INTO `player_hands` VALUES (3791,13,2,9,1,1,9,1131625167);
INSERT INTO `player_hands` VALUES (3794,12,2,11,3,6,9,1131636284);
INSERT INTO `player_hands` VALUES (3790,8,0,8,3,7,9,1131636284);
INSERT INTO `player_hands` VALUES (3785,13,2,13,1,0,9,1131649128);
INSERT INTO `player_hands` VALUES (3794,12,3,7,3,4,9,1131649128);
INSERT INTO `player_hands` VALUES (3794,6,2,1,2,3,9,1131657721);
INSERT INTO `player_hands` VALUES (3791,10,3,7,3,5,9,1131657721);
INSERT INTO `player_hands` VALUES (3794,12,3,6,0,1,9,1131668776);
INSERT INTO `player_hands` VALUES (3791,13,1,9,2,3,9,1131668776);
INSERT INTO `player_hands` VALUES (3794,6,0,5,0,0,9,1131673296);
INSERT INTO `player_hands` VALUES (3791,13,1,10,1,2,9,1131673296);
INSERT INTO `player_hands` VALUES (3787,12,3,9,2,6,9,1131678852);
INSERT INTO `player_hands` VALUES (3795,8,3,7,1,2,9,1131678852);
INSERT INTO `player_hands` VALUES (3794,10,3,6,3,7,9,1131687453);
INSERT INTO `player_hands` VALUES (3791,12,2,7,3,0,9,1131687453);
INSERT INTO `player_hands` VALUES (3791,8,1,7,1,8,9,1131692879);
INSERT INTO `player_hands` VALUES (3793,13,2,11,3,1,9,1131692879);
INSERT INTO `player_hands` VALUES (3786,13,1,10,1,6,9,1131716775);
INSERT INTO `player_hands` VALUES (3791,11,2,10,2,2,9,1131716775);
INSERT INTO `player_hands` VALUES (3796,11,1,11,2,6,9,1131723364);
INSERT INTO `player_hands` VALUES (3791,3,3,2,3,1,9,1131723364);
INSERT INTO `player_hands` VALUES (3796,11,3,11,0,4,9,1131739453);
INSERT INTO `player_hands` VALUES (3794,8,1,8,3,6,9,1131739453);
INSERT INTO `player_hands` VALUES (3795,7,0,6,0,0,9,1131739453);
INSERT INTO `player_hands` VALUES (3785,12,0,4,0,1,9,1131750292);
INSERT INTO `player_hands` VALUES (3791,13,0,3,0,7,9,1131750292);
INSERT INTO `player_hands` VALUES (3791,13,2,4,3,0,9,1131782036);
INSERT INTO `player_hands` VALUES (3798,7,0,7,1,1,9,1131782036);
INSERT INTO `player_hands` VALUES (3796,12,1,9,1,3,9,1131789706);
INSERT INTO `player_hands` VALUES (3798,13,2,11,1,8,9,1131789706);
INSERT INTO `player_hands` VALUES (3790,13,2,5,1,2,9,1131854939);
INSERT INTO `player_hands` VALUES (3800,11,1,7,1,4,9,1131854939);
INSERT INTO `player_hands` VALUES (3800,13,3,9,2,3,9,1131862460);
INSERT INTO `player_hands` VALUES (3793,11,1,11,3,4,9,1131862460);
INSERT INTO `player_hands` VALUES (3791,13,0,3,1,0,9,1131874127);
INSERT INTO `player_hands` VALUES (3800,13,3,3,3,1,9,1131874127);
INSERT INTO `player_hands` VALUES (3785,13,0,9,3,2,9,1131883441);
INSERT INTO `player_hands` VALUES (3788,13,3,10,0,5,9,1131883441);
INSERT INTO `player_hands` VALUES (3786,12,1,11,3,1,9,1131892498);
INSERT INTO `player_hands` VALUES (3791,13,2,13,1,6,9,1131892498);
INSERT INTO `player_hands` VALUES (3788,9,0,9,3,2,9,1131899365);
INSERT INTO `player_hands` VALUES (3793,13,1,11,2,7,9,1131899365);
INSERT INTO `player_hands` VALUES (3785,13,3,9,0,4,9,1131917499);
INSERT INTO `player_hands` VALUES (3791,11,1,6,1,1,9,1131917499);
INSERT INTO `player_hands` VALUES (3799,13,0,13,3,7,9,1131922958);
INSERT INTO `player_hands` VALUES (3790,6,1,6,2,8,9,1131922958);
INSERT INTO `player_hands` VALUES (3786,3,2,3,3,1,8,1131974379);
INSERT INTO `player_hands` VALUES (3793,13,0,10,0,0,8,1131974379);
INSERT INTO `player_hands` VALUES (3786,12,0,10,0,0,9,1131981237);
INSERT INTO `player_hands` VALUES (3793,11,0,11,2,7,9,1131981237);
INSERT INTO `player_hands` VALUES (3795,11,2,10,3,6,9,1131987712);
INSERT INTO `player_hands` VALUES (3800,10,0,8,0,4,9,1131987712);
INSERT INTO `player_hands` VALUES (3795,11,1,10,1,5,9,1131996286);
INSERT INTO `player_hands` VALUES (3801,12,2,12,1,8,9,1131996286);
INSERT INTO `player_hands` VALUES (3801,11,3,10,2,6,9,1132004211);
INSERT INTO `player_hands` VALUES (3793,12,1,9,0,2,9,1132004211);
INSERT INTO `player_hands` VALUES (3795,12,0,9,0,1,9,1132011602);
INSERT INTO `player_hands` VALUES (3801,13,1,4,3,4,9,1132011602);
INSERT INTO `player_hands` VALUES (3799,11,0,11,2,5,9,1132011602);
INSERT INTO `player_hands` VALUES (3795,13,2,6,3,8,9,1132024606);
INSERT INTO `player_hands` VALUES (3786,11,1,11,0,0,9,1132024606);
INSERT INTO `player_hands` VALUES (3803,4,2,4,3,6,9,1132051179);
INSERT INTO `player_hands` VALUES (3791,13,3,6,3,0,9,1132051179);
INSERT INTO `player_hands` VALUES (3795,6,1,4,1,2,9,1132058379);
INSERT INTO `player_hands` VALUES (3793,11,0,11,2,1,9,1132058379);
INSERT INTO `player_hands` VALUES (3795,3,2,3,3,8,9,1132071940);
INSERT INTO `player_hands` VALUES (3790,13,0,11,2,4,9,1132071940);
INSERT INTO `player_hands` VALUES (3786,11,3,10,2,7,9,1132077895);
INSERT INTO `player_hands` VALUES (3803,7,0,6,0,0,9,1132077895);
INSERT INTO `player_hands` VALUES (3793,13,1,9,0,5,9,1132077895);
INSERT INTO `player_hands` VALUES (3795,12,2,12,0,2,8,1132103254);
INSERT INTO `player_hands` VALUES (3791,11,2,7,0,7,8,1132103254);
INSERT INTO `player_hands` VALUES (3795,7,1,4,3,1,9,1132108352);
INSERT INTO `player_hands` VALUES (3805,9,1,8,2,2,9,1132108352);
INSERT INTO `player_hands` VALUES (3804,10,2,9,0,3,9,1132108352);
INSERT INTO `player_hands` VALUES (3804,12,0,11,0,2,9,1132113171);
INSERT INTO `player_hands` VALUES (3791,4,2,3,3,6,9,1132113171);
INSERT INTO `player_hands` VALUES (3791,11,2,8,0,1,9,1132130310);
INSERT INTO `player_hands` VALUES (3793,9,3,9,2,3,9,1132130310);
INSERT INTO `player_hands` VALUES (3804,13,0,3,2,4,9,1132141227);
INSERT INTO `player_hands` VALUES (3791,13,1,5,0,8,9,1132141227);
INSERT INTO `player_hands` VALUES (3795,11,1,5,1,7,9,1132162085);
INSERT INTO `player_hands` VALUES (3800,13,1,6,1,5,9,1132162085);
INSERT INTO `player_hands` VALUES (3795,10,3,8,1,4,9,1132182442);
INSERT INTO `player_hands` VALUES (3804,12,2,9,0,6,9,1132182442);
INSERT INTO `player_hands` VALUES (3795,9,0,6,0,2,9,1132194591);
INSERT INTO `player_hands` VALUES (3803,13,3,13,1,5,9,1132194591);
INSERT INTO `player_hands` VALUES (3795,13,1,7,1,0,9,1132201652);
INSERT INTO `player_hands` VALUES (3805,7,2,6,1,1,9,1132201652);
INSERT INTO `player_hands` VALUES (3804,11,3,4,3,1,9,1132206895);
INSERT INTO `player_hands` VALUES (3803,13,1,9,3,2,9,1132206895);
INSERT INTO `player_hands` VALUES (3790,12,2,12,1,3,9,1132212136);
INSERT INTO `player_hands` VALUES (3800,11,1,10,1,5,9,1132212136);
INSERT INTO `player_hands` VALUES (3795,9,2,8,1,6,9,1132220193);
INSERT INTO `player_hands` VALUES (3804,6,1,6,3,8,9,1132220193);
INSERT INTO `player_hands` VALUES (3809,13,0,10,3,0,9,1132238815);
INSERT INTO `player_hands` VALUES (3793,13,1,10,1,8,9,1132238815);
INSERT INTO `player_hands` VALUES (3803,13,1,11,0,1,9,1132245047);
INSERT INTO `player_hands` VALUES (3810,11,1,10,3,5,9,1132245047);
INSERT INTO `player_hands` VALUES (3804,11,0,7,2,8,9,1132251341);
INSERT INTO `player_hands` VALUES (3808,13,0,12,1,3,9,1132251341);
INSERT INTO `player_hands` VALUES (3805,13,2,11,0,6,9,1132257640);
INSERT INTO `player_hands` VALUES (3810,12,1,11,2,3,9,1132257640);
INSERT INTO `player_hands` VALUES (3809,10,0,10,3,4,9,1132262058);
INSERT INTO `player_hands` VALUES (3793,12,2,9,2,3,9,1132262058);
INSERT INTO `player_hands` VALUES (3810,13,3,13,0,1,9,1132272908);
INSERT INTO `player_hands` VALUES (3793,12,2,7,0,2,9,1132272908);
INSERT INTO `player_hands` VALUES (3815,10,3,6,3,1,5,1149817356);
INSERT INTO `player_hands` VALUES (3816,12,0,10,1,2,5,1149817356);
INSERT INTO `player_hands` VALUES (3817,5,0,3,0,2,6,1149832517);
INSERT INTO `player_hands` VALUES (3815,7,0,6,0,4,6,1149832517);
INSERT INTO `player_hands` VALUES (3819,8,1,7,3,2,8,1149877894);
INSERT INTO `player_hands` VALUES (3793,12,1,11,1,5,8,1149877894);
INSERT INTO `player_hands` VALUES (3819,13,2,12,3,0,8,1149884625);
INSERT INTO `player_hands` VALUES (3821,11,3,10,1,2,8,1149884625);
INSERT INTO `player_hands` VALUES (3820,13,0,11,1,8,9,1149896811);
INSERT INTO `player_hands` VALUES (3823,13,2,4,0,4,9,1149896811);
INSERT INTO `player_hands` VALUES (3821,13,2,10,0,8,9,1149901519);
INSERT INTO `player_hands` VALUES (3825,11,3,7,3,1,9,1149901519);
INSERT INTO `player_hands` VALUES (3793,12,3,10,1,5,9,1149915930);
INSERT INTO `player_hands` VALUES (3824,10,0,9,3,0,9,1149915930);
INSERT INTO `player_hands` VALUES (3820,13,3,6,3,7,8,1149929283);
INSERT INTO `player_hands` VALUES (3825,8,3,6,2,2,8,1149929283);
INSERT INTO `player_hands` VALUES (3819,13,3,4,3,4,8,1149934276);
INSERT INTO `player_hands` VALUES (3823,12,1,9,2,2,8,1149934276);
INSERT INTO `player_hands` VALUES (3820,9,0,9,1,5,9,1149938807);
INSERT INTO `player_hands` VALUES (3826,4,3,3,3,2,9,1149938807);
INSERT INTO `player_hands` VALUES (3819,11,2,4,0,3,7,1149960550);
INSERT INTO `player_hands` VALUES (3823,6,2,1,2,1,7,1149960550);
INSERT INTO `player_hands` VALUES (3820,9,3,8,3,7,8,1149978514);
INSERT INTO `player_hands` VALUES (3827,12,2,11,1,2,8,1149978514);
INSERT INTO `player_hands` VALUES (3823,13,1,4,2,4,8,1149978514);
INSERT INTO `player_hands` VALUES (3819,10,3,9,0,5,8,1149989771);
INSERT INTO `player_hands` VALUES (3823,13,2,6,2,3,8,1149989771);
INSERT INTO `player_hands` VALUES (3821,5,2,5,1,5,8,1149998053);
INSERT INTO `player_hands` VALUES (3823,13,2,6,2,1,8,1149998053);
INSERT INTO `player_hands` VALUES (3821,13,0,11,2,4,8,1150004395);
INSERT INTO `player_hands` VALUES (3829,10,2,9,2,1,8,1150004395);
INSERT INTO `player_hands` VALUES (3830,12,3,5,3,7,9,1150015113);
INSERT INTO `player_hands` VALUES (3820,13,1,11,2,0,9,1150015113);
INSERT INTO `player_hands` VALUES (3820,12,1,12,3,5,9,1150027700);
INSERT INTO `player_hands` VALUES (3828,11,2,10,2,0,9,1150027700);
INSERT INTO `player_hands` VALUES (3829,11,0,9,2,2,9,1150027700);
INSERT INTO `player_hands` VALUES (3820,8,0,8,2,3,7,1150034381);
INSERT INTO `player_hands` VALUES (3793,12,0,10,1,5,7,1150034381);
INSERT INTO `player_hands` VALUES (3820,9,1,4,2,2,7,1150039564);
INSERT INTO `player_hands` VALUES (3823,12,1,6,1,6,7,1150039564);
INSERT INTO `player_hands` VALUES (3820,12,2,9,1,1,7,1150042862);
INSERT INTO `player_hands` VALUES (3823,4,3,1,3,5,7,1150042862);
INSERT INTO `player_hands` VALUES (3831,6,1,3,3,7,8,1150060788);
INSERT INTO `player_hands` VALUES (3823,5,2,4,2,1,8,1150060788);
INSERT INTO `player_hands` VALUES (3832,13,0,6,3,8,9,1150103544);
INSERT INTO `player_hands` VALUES (3819,12,2,10,1,0,9,1150103544);
INSERT INTO `player_hands` VALUES (3832,12,2,11,2,7,9,1150108326);
INSERT INTO `player_hands` VALUES (3819,11,3,10,2,8,9,1150108326);
INSERT INTO `player_hands` VALUES (3793,12,1,11,1,1,8,1150113849);
INSERT INTO `player_hands` VALUES (3823,13,0,9,0,3,8,1150113849);
INSERT INTO `player_hands` VALUES (3832,13,0,11,2,4,8,1150118797);
INSERT INTO `player_hands` VALUES (3823,9,0,2,2,2,8,1150118797);
INSERT INTO `player_hands` VALUES (3833,8,0,7,0,0,9,1150151096);
INSERT INTO `player_hands` VALUES (3823,9,3,4,3,2,9,1150151096);
INSERT INTO `player_hands` VALUES (3833,13,2,5,2,8,9,1150159426);
INSERT INTO `player_hands` VALUES (3828,13,3,10,3,0,9,1150159426);
INSERT INTO `player_hands` VALUES (3832,10,2,9,1,2,9,1150165580);
INSERT INTO `player_hands` VALUES (3823,10,1,8,1,0,9,1150165580);
INSERT INTO `player_hands` VALUES (3833,9,3,8,3,6,9,1150170992);
INSERT INTO `player_hands` VALUES (3829,10,0,9,0,0,9,1150170992);
INSERT INTO `player_hands` VALUES (3832,12,3,3,3,8,9,1150181337);
INSERT INTO `player_hands` VALUES (3823,13,2,7,0,6,9,1150181337);
INSERT INTO `player_hands` VALUES (3832,11,3,6,3,5,9,1150196443);
INSERT INTO `player_hands` VALUES (3819,13,2,12,1,6,9,1150196443);
INSERT INTO `player_hands` VALUES (3835,10,1,10,0,1,10,6650609399);
INSERT INTO `player_hands` VALUES (3841,9,0,7,0,8,10,6650609399);
INSERT INTO `player_hands` VALUES (3846,4,2,4,1,1,9,6651304382);
INSERT INTO `player_hands` VALUES (3848,12,3,10,3,4,9,6651304382);
INSERT INTO `player_hands` VALUES (3849,5,3,2,0,5,9,6651304382);
INSERT INTO `player_hands` VALUES (3846,12,3,5,2,0,9,6651314451);
INSERT INTO `player_hands` VALUES (3851,12,0,5,3,6,9,6651314451);
INSERT INTO `player_hands` VALUES (3844,13,0,12,0,6,9,6651325314);
INSERT INTO `player_hands` VALUES (3848,10,2,6,3,2,9,6651325314);
INSERT INTO `player_hands` VALUES (3851,11,2,9,0,5,9,6651325314);
INSERT INTO `player_hands` VALUES (3852,9,2,7,2,0,10,6651376389);
INSERT INTO `player_hands` VALUES (3853,13,2,12,1,9,10,6651376389);
INSERT INTO `player_hands` VALUES (3846,11,3,10,2,2,10,6651389735);
INSERT INTO `player_hands` VALUES (3847,13,1,8,1,4,10,6651389735);
INSERT INTO `player_hands` VALUES (3846,11,2,6,2,1,10,6651398260);
INSERT INTO `player_hands` VALUES (3835,13,3,13,1,2,10,6651398260);
INSERT INTO `player_hands` VALUES (3852,12,0,1,1,7,10,6651406965);
INSERT INTO `player_hands` VALUES (3835,12,1,6,0,1,10,6651406965);
INSERT INTO `player_hands` VALUES (3852,13,0,11,1,6,10,6651420790);
INSERT INTO `player_hands` VALUES (3848,9,3,8,2,2,10,6651420790);
INSERT INTO `player_hands` VALUES (3844,13,1,5,1,5,10,6651436877);
INSERT INTO `player_hands` VALUES (3846,13,3,10,0,7,10,6651436877);
INSERT INTO `player_hands` VALUES (3852,13,1,7,3,3,10,6651447083);
INSERT INTO `player_hands` VALUES (3846,7,1,5,1,6,10,6651447083);
INSERT INTO `player_hands` VALUES (3846,12,3,7,1,5,10,6651455143);
INSERT INTO `player_hands` VALUES (3835,12,2,4,2,6,10,6651455143);
INSERT INTO `player_hands` VALUES (3848,12,2,11,0,5,9,6651471634);
INSERT INTO `player_hands` VALUES (3849,12,1,8,2,6,9,6651471634);
INSERT INTO `player_hands` VALUES (3852,3,2,3,1,8,9,6651481729);
INSERT INTO `player_hands` VALUES (3844,13,1,12,3,0,9,6651481729);
INSERT INTO `player_hands` VALUES (3852,13,0,11,2,7,9,6651490670);
INSERT INTO `player_hands` VALUES (3846,13,2,2,0,1,9,6651490670);
INSERT INTO `player_hands` VALUES (3852,8,2,6,3,7,10,6651498066);
INSERT INTO `player_hands` VALUES (3854,6,2,3,3,2,10,6651498066);
INSERT INTO `player_hands` VALUES (3852,12,3,3,2,6,9,6651507477);
INSERT INTO `player_hands` VALUES (3846,12,1,4,1,8,9,6651507477);
INSERT INTO `player_hands` VALUES (3852,9,2,2,2,4,9,6651525487);
INSERT INTO `player_hands` VALUES (3846,12,0,11,1,6,9,6651525487);
INSERT INTO `player_hands` VALUES (3850,12,2,6,2,2,9,6651525487);
INSERT INTO `player_hands` VALUES (3852,12,1,7,0,3,9,6651534564);
INSERT INTO `player_hands` VALUES (3850,6,2,5,3,1,9,6651534564);
INSERT INTO `player_hands` VALUES (3846,12,1,12,0,2,8,6651550283);
INSERT INTO `player_hands` VALUES (3849,13,3,13,2,6,8,6651550283);
INSERT INTO `player_hands` VALUES (3855,5,2,5,0,6,9,6651565942);
INSERT INTO `player_hands` VALUES (3848,11,3,9,3,2,9,6651565942);
INSERT INTO `player_hands` VALUES (3855,12,3,11,0,5,9,6651574455);
INSERT INTO `player_hands` VALUES (3846,10,0,2,3,7,9,6651574455);
INSERT INTO `player_hands` VALUES (3848,13,1,8,3,8,9,6651585120);
INSERT INTO `player_hands` VALUES (3850,6,0,6,3,1,9,6651585120);
INSERT INTO `player_hands` VALUES (3856,4,0,4,3,7,8,6651602858);
INSERT INTO `player_hands` VALUES (3846,9,0,6,2,1,8,6651602858);
INSERT INTO `player_hands` VALUES (3835,4,2,2,1,2,8,6651602858);
INSERT INTO `player_hands` VALUES (3854,11,3,5,3,2,9,6651610067);
INSERT INTO `player_hands` VALUES (3857,10,3,3,1,5,9,6651610067);
INSERT INTO `player_hands` VALUES (3846,11,1,2,1,8,9,6651618987);
INSERT INTO `player_hands` VALUES (3848,4,2,3,2,2,9,6651618987);
INSERT INTO `player_hands` VALUES (3846,12,2,7,0,6,9,6651631815);
INSERT INTO `player_hands` VALUES (3854,13,2,9,2,8,9,6651631815);
INSERT INTO `player_hands` VALUES (3856,5,0,4,3,2,9,6651646109);
INSERT INTO `player_hands` VALUES (3846,10,1,1,1,4,9,6651646109);
INSERT INTO `player_hands` VALUES (3846,8,3,6,3,3,9,6651651384);
INSERT INTO `player_hands` VALUES (3849,13,0,11,2,7,9,6651651384);
INSERT INTO `player_hands` VALUES (3856,13,0,5,0,0,9,6651659811);
INSERT INTO `player_hands` VALUES (3857,13,2,1,2,7,9,6651659811);
INSERT INTO `player_hands` VALUES (3846,7,3,5,0,1,10,6651665722);
INSERT INTO `player_hands` VALUES (3848,13,1,6,0,4,10,6651665722);
INSERT INTO `player_hands` VALUES (3857,3,2,1,2,6,10,6651665722);
INSERT INTO `player_hands` VALUES (3859,10,3,8,3,1,7,6651696999);
INSERT INTO `player_hands` VALUES (3854,13,3,9,0,6,7,6651696999);
INSERT INTO `player_hands` VALUES (3859,13,2,10,0,5,7,6651712389);
INSERT INTO `player_hands` VALUES (3846,8,3,6,0,1,7,6651712389);
INSERT INTO `player_hands` VALUES (3854,13,1,9,2,3,7,6651712389);
INSERT INTO `player_hands` VALUES (3846,12,0,10,1,0,6,6651721963);
INSERT INTO `player_hands` VALUES (3835,13,3,12,2,1,6,6651721963);
INSERT INTO `player_hands` VALUES (3858,13,0,12,1,2,5,6651726621);
INSERT INTO `player_hands` VALUES (3846,11,3,3,3,4,5,6651726621);
INSERT INTO `player_hands` VALUES (3835,11,1,10,2,0,5,6651726621);
INSERT INTO `player_hands` VALUES (3846,10,3,1,0,2,4,6651732121);
INSERT INTO `player_hands` VALUES (3857,8,0,8,3,0,4,6651732121);
INSERT INTO `player_hands` VALUES (3846,9,3,2,1,0,2,6651739913);
INSERT INTO `player_hands` VALUES (3835,10,3,7,3,1,2,6651739913);
INSERT INTO `player_hands` VALUES (3846,12,2,2,3,1,2,6651743495);
INSERT INTO `player_hands` VALUES (3835,8,1,8,3,0,2,6651743495);
INSERT INTO `player_hands` VALUES (3846,10,1,2,2,1,2,6651749743);
INSERT INTO `player_hands` VALUES (3835,12,3,8,2,0,2,6651749743);
INSERT INTO `player_hands` VALUES (3862,12,2,7,2,4,6,6651756836);
INSERT INTO `player_hands` VALUES (3835,13,1,12,3,0,6,6651756836);
INSERT INTO `player_hands` VALUES (3860,10,0,8,1,0,6,6651761072);
INSERT INTO `player_hands` VALUES (3861,12,1,9,2,2,6,6651761072);
INSERT INTO `player_hands` VALUES (3846,13,0,7,0,1,4,6651766059);
INSERT INTO `player_hands` VALUES (3835,11,1,1,3,2,4,6651766059);
INSERT INTO `player_hands` VALUES (3846,4,2,3,3,0,2,6651772343);
INSERT INTO `player_hands` VALUES (3835,12,1,8,2,1,2,6651772343);
INSERT INTO `player_hands` VALUES (3869,13,0,7,3,2,9,6661043403);
INSERT INTO `player_hands` VALUES (3871,6,1,4,3,3,9,6661043403);
INSERT INTO `player_hands` VALUES (3866,13,3,2,3,6,9,6661059235);
INSERT INTO `player_hands` VALUES (3870,10,3,9,3,7,9,6661059235);
INSERT INTO `player_hands` VALUES (3866,13,0,9,1,6,10,6661077295);
INSERT INTO `player_hands` VALUES (3872,4,0,1,1,2,10,6661077295);
INSERT INTO `player_hands` VALUES (3868,13,3,8,2,8,10,6661090064);
INSERT INTO `player_hands` VALUES (3871,11,0,7,0,0,10,6661090064);
INSERT INTO `player_hands` VALUES (3872,2,0,1,0,1,10,6661090064);
INSERT INTO `player_hands` VALUES (3864,11,2,11,0,2,10,6661108804);
INSERT INTO `player_hands` VALUES (3865,12,0,12,2,3,10,6661108804);
INSERT INTO `player_hands` VALUES (3869,13,1,5,2,6,9,6661128637);
INSERT INTO `player_hands` VALUES (3872,7,0,7,1,8,9,6661128637);
INSERT INTO `player_hands` VALUES (3867,6,3,6,2,3,9,6661144157);
INSERT INTO `player_hands` VALUES (3871,9,1,3,1,6,9,6661144157);
INSERT INTO `player_hands` VALUES (3868,9,2,9,1,1,10,6661182588);
INSERT INTO `player_hands` VALUES (3871,10,1,4,0,3,10,6661182588);
INSERT INTO `player_hands` VALUES (3864,6,1,6,0,5,10,6661197827);
INSERT INTO `player_hands` VALUES (3871,13,0,9,0,2,10,6661197827);
INSERT INTO `player_hands` VALUES (3865,7,1,6,2,4,10,6661221535);
INSERT INTO `player_hands` VALUES (3872,9,0,6,3,1,10,6661221535);
INSERT INTO `player_hands` VALUES (3868,13,0,12,3,7,9,6661239171);
INSERT INTO `player_hands` VALUES (3872,7,1,1,1,0,9,6661239171);
INSERT INTO `player_hands` VALUES (3865,12,1,6,3,2,10,6661253918);
INSERT INTO `player_hands` VALUES (3867,8,0,8,2,5,10,6661253918);
INSERT INTO `player_hands` VALUES (3870,11,1,9,2,2,10,6661300092);
INSERT INTO `player_hands` VALUES (3874,12,0,11,3,6,10,6661300092);
INSERT INTO `player_hands` VALUES (3868,5,0,2,0,3,10,6661313356);
INSERT INTO `player_hands` VALUES (3872,10,1,10,2,6,10,6661313356);
INSERT INTO `player_hands` VALUES (3873,8,0,8,2,6,10,6661356348);
INSERT INTO `player_hands` VALUES (3869,5,3,5,2,0,10,6661356348);
INSERT INTO `player_hands` VALUES (3873,10,2,10,1,4,9,6661396742);
INSERT INTO `player_hands` VALUES (3868,13,1,8,1,6,9,6661396742);
INSERT INTO `player_hands` VALUES (3874,9,0,7,0,8,9,6661396742);
INSERT INTO `player_hands` VALUES (3868,12,2,4,3,5,9,6661411630);
INSERT INTO `player_hands` VALUES (3872,9,1,9,3,8,9,6661411630);
INSERT INTO `player_hands` VALUES (3865,3,3,1,0,1,9,6661424543);
INSERT INTO `player_hands` VALUES (3873,8,3,3,1,2,9,6661424543);
INSERT INTO `player_hands` VALUES (3870,12,1,11,2,3,9,6661424543);
INSERT INTO `player_hands` VALUES (3868,10,3,5,1,4,9,6661424543);
INSERT INTO `player_hands` VALUES (3869,11,0,9,1,5,9,6661424543);
INSERT INTO `player_hands` VALUES (3874,13,0,3,0,6,9,6661424543);
INSERT INTO `player_hands` VALUES (3874,13,1,11,2,5,9,6661443806);
INSERT INTO `player_hands` VALUES (3872,10,1,8,2,6,9,6661443806);
INSERT INTO `player_hands` VALUES (3864,6,3,6,1,4,8,6661505713);
INSERT INTO `player_hands` VALUES (3868,9,2,7,3,7,8,6661505713);
INSERT INTO `player_hands` VALUES (3873,13,3,11,2,5,8,6661519988);
INSERT INTO `player_hands` VALUES (3872,11,0,9,0,1,8,6661519988);
INSERT INTO `player_hands` VALUES (3868,12,2,6,2,4,8,6661549776);
INSERT INTO `player_hands` VALUES (3869,13,2,11,2,5,8,6661549776);
INSERT INTO `player_hands` VALUES (3865,9,2,5,3,1,8,6661562832);
INSERT INTO `player_hands` VALUES (3868,12,3,12,2,3,8,6661562832);
INSERT INTO `player_hands` VALUES (3873,4,3,4,2,7,8,6661601957);
INSERT INTO `player_hands` VALUES (3872,3,0,3,3,3,8,6661601957);
INSERT INTO `player_hands` VALUES (3865,13,3,6,2,5,9,6661613226);
INSERT INTO `player_hands` VALUES (3876,13,0,2,0,8,9,6661613226);
INSERT INTO `player_hands` VALUES (3875,12,1,11,0,6,10,6661628199);
INSERT INTO `player_hands` VALUES (3872,6,0,5,0,1,10,6661628199);
INSERT INTO `player_hands` VALUES (3865,9,3,8,1,9,10,6661696211);
INSERT INTO `player_hands` VALUES (3872,10,3,9,1,6,10,6661696211);
INSERT INTO `player_hands` VALUES (3873,1,2,1,1,9,10,6661709111);
INSERT INTO `player_hands` VALUES (3876,13,1,7,1,1,10,6661709111);
INSERT INTO `player_hands` VALUES (3877,13,3,7,0,2,10,6661709111);
INSERT INTO `player_hands` VALUES (3872,13,2,10,3,5,10,6661709111);
INSERT INTO `player_hands` VALUES (3874,12,1,10,1,1,10,6661740288);
INSERT INTO `player_hands` VALUES (3872,9,1,5,2,2,10,6661740288);
INSERT INTO `player_hands` VALUES (3873,8,3,8,1,5,9,6661750203);
INSERT INTO `player_hands` VALUES (3869,10,2,8,2,8,9,6661750203);
INSERT INTO `player_hands` VALUES (3872,11,0,11,2,1,9,6661750203);
INSERT INTO `player_hands` VALUES (3865,9,1,8,3,2,9,6661772946);
INSERT INTO `player_hands` VALUES (3869,12,2,11,0,6,9,6661772946);
INSERT INTO `player_hands` VALUES (3835,12,3,10,0,5,10,6661837326);
INSERT INTO `player_hands` VALUES (3869,13,1,12,0,2,10,6661837326);
INSERT INTO `player_hands` VALUES (3869,11,2,6,0,1,9,6661850495);
INSERT INTO `player_hands` VALUES (3872,13,3,12,1,2,9,6661850495);
INSERT INTO `player_hands` VALUES (3847,13,2,8,0,9,10,6661924490);
INSERT INTO `player_hands` VALUES (3872,13,0,4,2,6,10,6661924490);
INSERT INTO `player_hands` VALUES (3878,13,3,9,0,0,10,6661947138);
INSERT INTO `player_hands` VALUES (3877,11,3,8,0,1,10,6661947138);
INSERT INTO `player_hands` VALUES (3869,13,1,9,3,1,10,6661962377);
INSERT INTO `player_hands` VALUES (3872,4,0,4,3,3,10,6661962377);
INSERT INTO `player_hands` VALUES (3873,13,3,11,2,3,9,6661994639);
INSERT INTO `player_hands` VALUES (3877,12,0,3,1,6,9,6661994639);
INSERT INTO `player_hands` VALUES (3878,11,1,10,0,3,10,6662017736);
INSERT INTO `player_hands` VALUES (3877,13,2,2,3,4,10,6662017736);
INSERT INTO `player_hands` VALUES (3864,7,2,7,3,5,9,6662070508);
INSERT INTO `player_hands` VALUES (3869,13,2,13,1,1,9,6662070508);
INSERT INTO `player_hands` VALUES (3879,8,3,8,2,2,9,6662070508);
INSERT INTO `player_hands` VALUES (3873,5,0,1,2,2,8,6662126872);
INSERT INTO `player_hands` VALUES (3869,12,1,11,1,5,8,6662126872);
INSERT INTO `player_hands` VALUES (3869,11,2,4,2,4,8,6662134689);
INSERT INTO `player_hands` VALUES (3880,13,0,9,2,5,8,6662134689);
INSERT INTO `player_hands` VALUES (3877,11,3,3,3,3,9,6662214474);
INSERT INTO `player_hands` VALUES (3869,13,0,9,0,4,9,6662214474);
INSERT INTO `player_hands` VALUES (3875,11,3,9,3,0,10,6662236572);
INSERT INTO `player_hands` VALUES (3877,12,3,8,0,2,10,6662236572);
INSERT INTO `player_hands` VALUES (3881,12,1,8,2,0,10,6662250230);
INSERT INTO `player_hands` VALUES (3877,12,0,10,3,1,10,6662250230);
INSERT INTO `player_hands` VALUES (3869,13,3,10,0,1,10,6662260356);
INSERT INTO `player_hands` VALUES (3879,13,2,3,2,2,10,6662260356);
INSERT INTO `player_hands` VALUES (3877,9,0,1,0,9,10,6662278888);
INSERT INTO `player_hands` VALUES (3869,13,2,10,1,0,10,6662278888);
INSERT INTO `player_hands` VALUES (3835,11,1,6,0,2,10,6662293610);
INSERT INTO `player_hands` VALUES (3882,13,0,11,2,5,10,6662293610);
INSERT INTO `player_hands` VALUES (3877,12,1,6,2,8,10,6662293610);
INSERT INTO `player_hands` VALUES (3869,12,3,3,3,8,10,6662303949);
INSERT INTO `player_hands` VALUES (3880,13,0,6,0,0,10,6662303949);
INSERT INTO `player_hands` VALUES (3882,7,2,4,2,3,10,6662319678);
INSERT INTO `player_hands` VALUES (3881,1,3,1,1,5,10,6662319678);
INSERT INTO `player_hands` VALUES (3837,7,1,7,3,0,9,6650655187);
INSERT INTO `player_hands` VALUES (3841,11,0,10,2,5,9,6650655187);
INSERT INTO `player_hands` VALUES (3837,12,2,3,2,7,9,6650683554);
INSERT INTO `player_hands` VALUES (3843,10,3,2,1,1,9,6650683554);
INSERT INTO `player_hands` VALUES (3840,6,0,3,0,1,9,6650698582);
INSERT INTO `player_hands` VALUES (3841,7,0,7,3,2,9,6650698582);
INSERT INTO `player_hands` VALUES (3837,2,3,1,3,5,8,6650712855);
INSERT INTO `player_hands` VALUES (3838,13,3,12,3,6,8,6650712855);
INSERT INTO `player_hands` VALUES (3837,6,0,6,3,5,9,6650726109);
INSERT INTO `player_hands` VALUES (3841,13,3,10,3,0,9,6650726109);
INSERT INTO `player_hands` VALUES (3884,8,0,8,3,4,9,6650747576);
INSERT INTO `player_hands` VALUES (3841,11,0,6,2,7,9,6650747576);
INSERT INTO `player_hands` VALUES (3838,3,0,2,3,1,9,6650768377);
INSERT INTO `player_hands` VALUES (3884,10,3,4,3,2,9,6650768377);
INSERT INTO `player_hands` VALUES (3842,10,2,7,2,6,9,6650768377);
INSERT INTO `player_hands` VALUES (3838,12,3,11,3,0,9,6650777326);
INSERT INTO `player_hands` VALUES (3842,13,2,10,3,5,9,6650777326);
INSERT INTO `player_hands` VALUES (3837,10,2,7,2,7,10,6650805023);
INSERT INTO `player_hands` VALUES (3841,2,2,2,1,2,10,6650805023);
INSERT INTO `player_hands` VALUES (3884,10,1,9,2,8,10,6650819732);
INSERT INTO `player_hands` VALUES (3842,11,0,4,2,2,10,6650819732);
INSERT INTO `player_hands` VALUES (3835,8,3,8,0,3,10,6650833781);
INSERT INTO `player_hands` VALUES (3838,11,3,11,1,6,10,6650833781);
INSERT INTO `player_hands` VALUES (3842,13,2,2,2,1,10,6650833781);
INSERT INTO `player_hands` VALUES (3840,3,3,2,3,8,10,6650850088);
INSERT INTO `player_hands` VALUES (3842,11,2,10,1,0,10,6650850088);
INSERT INTO `player_hands` VALUES (3835,12,1,12,0,1,10,6650862595);
INSERT INTO `player_hands` VALUES (3836,10,0,8,0,2,10,6650862595);
INSERT INTO `player_hands` VALUES (3837,13,1,12,1,2,10,6650875885);
INSERT INTO `player_hands` VALUES (3841,11,3,10,0,7,10,6650875885);
INSERT INTO `player_hands` VALUES (3841,13,3,9,1,6,10,6650886511);
INSERT INTO `player_hands` VALUES (3842,10,1,10,3,7,10,6650886511);
INSERT INTO `player_hands` VALUES (3883,13,0,2,2,7,10,6650904988);
INSERT INTO `player_hands` VALUES (3842,13,1,2,3,6,10,6650904988);
INSERT INTO `player_hands` VALUES (3838,13,0,8,2,8,10,6650934124);
INSERT INTO `player_hands` VALUES (3884,6,0,6,3,9,10,6650934124);
INSERT INTO `player_hands` VALUES (3835,11,3,4,1,2,10,6650973316);
INSERT INTO `player_hands` VALUES (3841,6,3,4,3,9,10,6650973316);
INSERT INTO `player_hands` VALUES (3842,12,1,9,0,0,10,6650973316);
INSERT INTO `player_hands` VALUES (3885,13,2,9,0,5,9,6651051015);
INSERT INTO `player_hands` VALUES (3841,3,1,1,0,1,9,6651051015);
INSERT INTO `player_hands` VALUES (3835,10,2,6,1,2,10,6651061787);
INSERT INTO `player_hands` VALUES (3884,9,0,8,1,6,10,6651061787);
INSERT INTO `player_hands` VALUES (3843,11,1,5,1,7,10,6651061787);
INSERT INTO `player_hands` VALUES (3883,12,2,8,2,9,10,6651078374);
INSERT INTO `player_hands` VALUES (3838,13,3,10,0,3,10,6651078374);
INSERT INTO `player_hands` VALUES (3835,12,1,6,3,9,10,6651091692);
INSERT INTO `player_hands` VALUES (3886,12,0,10,0,1,10,6651091692);
INSERT INTO `player_hands` VALUES (3841,10,2,7,1,6,10,6651091692);
INSERT INTO `player_hands` VALUES (3885,10,2,8,2,9,10,6651100000);
INSERT INTO `player_hands` VALUES (3841,12,1,7,2,5,10,6651100000);
INSERT INTO `player_hands` VALUES (3838,13,3,12,1,0,10,6651109223);
INSERT INTO `player_hands` VALUES (3884,11,2,10,2,1,10,6651109223);
INSERT INTO `player_hands` VALUES (3835,13,0,8,0,6,10,6651119400);
INSERT INTO `player_hands` VALUES (3843,12,1,7,3,1,10,6651119400);
INSERT INTO `player_hands` VALUES (3835,11,0,7,0,4,8,6651143654);
INSERT INTO `player_hands` VALUES (3841,12,0,6,0,1,8,6651143654);
INSERT INTO `player_hands` VALUES (3840,13,1,10,0,7,8,6651149872);
INSERT INTO `player_hands` VALUES (3841,12,3,6,1,0,8,6651149872);
INSERT INTO `player_hands` VALUES (3886,12,0,9,0,2,7,6651166955);
INSERT INTO `player_hands` VALUES (3838,12,1,9,3,3,7,6651166955);
INSERT INTO `player_hands` VALUES (3835,11,0,3,3,0,7,6651176428);
INSERT INTO `player_hands` VALUES (3841,13,3,6,2,4,7,6651176428);
INSERT INTO `player_hands` VALUES (3883,13,3,12,3,5,7,6651184340);
INSERT INTO `player_hands` VALUES (3835,13,1,12,1,6,7,6651184340);
INSERT INTO `player_hands` VALUES (3841,12,0,7,3,1,7,6651192688);
INSERT INTO `player_hands` VALUES (3842,11,0,3,1,2,7,6651192688);
INSERT INTO `player_hands` VALUES (3887,10,3,9,3,0,7,6651216074);
INSERT INTO `player_hands` VALUES (3841,8,2,4,2,4,7,6651216074);
INSERT INTO `player_hands` VALUES (3886,12,1,11,2,0,7,6651222777);
INSERT INTO `player_hands` VALUES (3840,10,1,8,3,2,7,6651222777);
INSERT INTO `player_hands` VALUES (3835,10,3,6,0,1,3,6651247933);
INSERT INTO `player_hands` VALUES (3887,12,1,2,1,2,3,6651247933);
INSERT INTO `player_hands` VALUES (3835,11,1,7,3,0,2,6651262771);
INSERT INTO `player_hands` VALUES (3841,8,2,4,2,1,2,6651262771);
INSERT INTO `player_hands` VALUES (3835,10,2,7,1,1,2,6651272109);
INSERT INTO `player_hands` VALUES (3841,11,3,6,0,0,2,6651272109);
INSERT INTO `player_hands` VALUES (3892,12,2,10,2,6,10,6651808480);
INSERT INTO `player_hands` VALUES (3893,13,0,11,1,8,10,6651808480);
INSERT INTO `player_hands` VALUES (3890,13,3,13,0,9,10,6651837430);
INSERT INTO `player_hands` VALUES (3835,10,2,10,1,2,10,6651837430);
INSERT INTO `player_hands` VALUES (3881,9,0,9,1,4,10,6662333063);
INSERT INTO `player_hands` VALUES (3869,13,2,11,2,6,10,6662333063);
INSERT INTO `player_hands` VALUES (3835,10,3,10,2,8,10,6662347593);
INSERT INTO `player_hands` VALUES (3869,12,2,9,2,5,10,6662347593);
INSERT INTO `player_hands` VALUES (3875,13,1,13,3,1,8,6662363502);
INSERT INTO `player_hands` VALUES (3877,11,3,11,1,3,8,6662363502);
INSERT INTO `player_hands` VALUES (3869,12,0,11,0,3,8,6662373559);
INSERT INTO `player_hands` VALUES (3879,13,1,12,3,4,8,6662373559);
INSERT INTO `player_hands` VALUES (3881,12,0,10,0,0,10,6662387316);
INSERT INTO `player_hands` VALUES (3876,12,3,3,3,4,10,6662387316);
INSERT INTO `player_hands` VALUES (3897,13,2,8,0,5,10,6662400023);
INSERT INTO `player_hands` VALUES (3881,11,0,11,3,9,10,6662400023);
INSERT INTO `player_hands` VALUES (3869,11,3,9,3,0,10,6662410577);
INSERT INTO `player_hands` VALUES (3876,12,3,3,3,2,10,6662410577);
INSERT INTO `player_hands` VALUES (3897,12,2,7,0,2,10,6662428234);
INSERT INTO `player_hands` VALUES (3881,10,1,2,1,6,10,6662428234);
INSERT INTO `player_hands` VALUES (3882,10,0,1,0,2,10,6662446598);
INSERT INTO `player_hands` VALUES (3869,8,3,8,0,6,10,6662446598);
INSERT INTO `player_hands` VALUES (3897,13,3,9,2,7,10,6662470264);
INSERT INTO `player_hands` VALUES (3877,13,2,10,2,2,10,6662470264);
INSERT INTO `player_hands` VALUES (3877,12,3,5,2,1,10,6662482133);
INSERT INTO `player_hands` VALUES (3869,11,1,10,1,2,10,6662482133);
INSERT INTO `player_hands` VALUES (3847,12,1,9,1,6,10,6662490628);
INSERT INTO `player_hands` VALUES (3881,12,0,11,3,9,10,6662490628);
INSERT INTO `player_hands` VALUES (3877,11,1,5,1,0,10,6662490628);
INSERT INTO `player_hands` VALUES (3879,7,2,6,2,2,10,6662490628);
INSERT INTO `player_hands` VALUES (3898,12,1,11,3,6,10,6662503526);
INSERT INTO `player_hands` VALUES (3877,13,0,11,2,9,10,6662503526);
INSERT INTO `player_hands` VALUES (3875,12,3,11,2,2,8,6662529187);
INSERT INTO `player_hands` VALUES (3869,10,3,6,3,5,8,6662529187);
INSERT INTO `player_hands` VALUES (3881,13,1,12,2,2,9,6662545314);
INSERT INTO `player_hands` VALUES (3899,12,1,11,3,6,9,6662545314);
INSERT INTO `player_hands` VALUES (3875,12,2,11,2,0,9,6662555788);
INSERT INTO `player_hands` VALUES (3869,13,3,9,1,3,9,6662555788);
INSERT INTO `player_hands` VALUES (3869,9,3,7,2,2,9,6662566876);
INSERT INTO `player_hands` VALUES (3879,12,3,11,1,3,9,6662566876);
INSERT INTO `player_hands` VALUES (3898,12,1,8,1,6,10,6662594687);
INSERT INTO `player_hands` VALUES (3881,12,2,2,2,8,10,6662594687);
INSERT INTO `player_hands` VALUES (3897,13,0,10,0,0,10,6662639478);
INSERT INTO `player_hands` VALUES (3881,1,3,1,2,4,10,6662639478);
INSERT INTO `player_hands` VALUES (3879,12,2,12,3,7,10,6662639478);
INSERT INTO `player_hands` VALUES (3898,4,0,4,2,1,10,6662652847);
INSERT INTO `player_hands` VALUES (3869,8,3,8,2,5,10,6662652847);
INSERT INTO `player_hands` VALUES (3847,13,3,10,3,9,10,6662665989);
INSERT INTO `player_hands` VALUES (3881,8,3,1,1,2,10,6662665989);
INSERT INTO `player_hands` VALUES (3835,9,0,9,2,4,9,6662688206);
INSERT INTO `player_hands` VALUES (3897,13,3,3,1,5,9,6662688206);
INSERT INTO `player_hands` VALUES (3881,12,2,4,2,8,9,6662701689);
INSERT INTO `player_hands` VALUES (3899,4,0,1,1,2,9,6662701689);
INSERT INTO `player_hands` VALUES (3847,2,0,2,1,2,8,6662730983);
INSERT INTO `player_hands` VALUES (3881,13,1,13,2,5,8,6662730983);
INSERT INTO `player_hands` VALUES (3875,13,3,11,2,3,8,6662739254);
INSERT INTO `player_hands` VALUES (3899,12,1,8,1,6,8,6662739254);
INSERT INTO `player_hands` VALUES (3897,5,3,5,0,7,8,6662749401);
INSERT INTO `player_hands` VALUES (3875,9,2,9,1,2,8,6662749401);
INSERT INTO `player_hands` VALUES (3899,13,3,4,2,5,8,6662749401);
INSERT INTO `player_hands` VALUES (3875,12,1,9,0,1,7,6662765892);
INSERT INTO `player_hands` VALUES (3899,13,3,7,2,4,7,6662765892);
INSERT INTO `player_hands` VALUES (3900,10,0,7,3,1,7,6662778599);
INSERT INTO `player_hands` VALUES (3869,4,1,2,3,2,7,6662778599);
INSERT INTO `player_hands` VALUES (3847,13,2,3,2,4,8,6662788528);
INSERT INTO `player_hands` VALUES (3881,9,0,9,1,7,8,6662788528);
INSERT INTO `player_hands` VALUES (3835,11,0,11,1,2,8,6662801510);
INSERT INTO `player_hands` VALUES (3900,3,0,3,2,7,8,6662801510);
INSERT INTO `player_hands` VALUES (3835,13,1,13,0,0,9,6662820840);
INSERT INTO `player_hands` VALUES (3900,13,3,6,3,6,9,6662820840);
INSERT INTO `player_hands` VALUES (3869,7,2,7,1,7,9,6662820840);
INSERT INTO `player_hands` VALUES (3847,11,1,9,3,1,8,6662831755);
INSERT INTO `player_hands` VALUES (3869,6,1,6,2,4,8,6662831755);
INSERT INTO `player_hands` VALUES (3904,13,0,11,0,9,10,6662855451);
INSERT INTO `player_hands` VALUES (3881,8,3,8,0,1,10,6662855451);
INSERT INTO `player_hands` VALUES (3906,6,2,5,2,1,9,6672132381);
INSERT INTO `player_hands` VALUES (3907,12,2,8,3,2,9,6672132381);
INSERT INTO `player_hands` VALUES (3909,13,3,7,3,4,9,6672132381);
INSERT INTO `player_hands` VALUES (3906,4,3,3,3,0,9,6672148375);
INSERT INTO `player_hands` VALUES (3910,13,0,1,0,4,9,6672148375);
INSERT INTO `player_hands` VALUES (3909,11,3,7,1,1,10,6672170298);
INSERT INTO `player_hands` VALUES (3912,11,2,7,2,5,10,6672170298);
INSERT INTO `player_hands` VALUES (3906,13,1,10,2,5,10,6672192853);
INSERT INTO `player_hands` VALUES (3909,9,3,6,3,9,10,6672192853);
INSERT INTO `player_hands` VALUES (3912,13,0,8,0,3,10,6672192853);
INSERT INTO `player_hands` VALUES (3908,10,2,7,2,7,10,6672205215);
INSERT INTO `player_hands` VALUES (3913,9,2,6,2,3,10,6672205215);
INSERT INTO `player_hands` VALUES (3910,13,1,13,3,8,10,6672217599);
INSERT INTO `player_hands` VALUES (3912,7,2,6,2,1,10,6672217599);
INSERT INTO `player_hands` VALUES (3908,12,0,9,3,0,9,6672285096);
INSERT INTO `player_hands` VALUES (3909,9,0,7,3,1,9,6672285096);
INSERT INTO `player_hands` VALUES (3835,12,2,11,0,4,9,6672285096);
INSERT INTO `player_hands` VALUES (3910,11,0,9,3,0,9,6672311683);
INSERT INTO `player_hands` VALUES (3835,2,2,1,3,2,9,6672311683);
INSERT INTO `player_hands` VALUES (3910,13,2,5,1,8,9,6672323302);
INSERT INTO `player_hands` VALUES (3911,13,3,6,2,0,9,6672323302);
INSERT INTO `player_hands` VALUES (3906,7,2,7,1,3,9,6672335625);
INSERT INTO `player_hands` VALUES (3913,10,2,5,2,2,9,6672335625);
INSERT INTO `player_hands` VALUES (3912,5,3,5,0,8,9,6672357442);
INSERT INTO `player_hands` VALUES (3913,13,0,9,1,0,9,6672357442);
INSERT INTO `player_hands` VALUES (3906,12,2,9,3,6,9,6672392982);
INSERT INTO `player_hands` VALUES (3908,13,2,8,2,0,9,6672392982);
INSERT INTO `player_hands` VALUES (3908,13,2,10,0,8,9,6672408780);
INSERT INTO `player_hands` VALUES (3913,13,1,3,3,4,9,6672408780);
INSERT INTO `player_hands` VALUES (3915,12,2,4,2,2,10,6672432523);
INSERT INTO `player_hands` VALUES (3913,6,3,6,1,3,10,6672432523);
INSERT INTO `player_hands` VALUES (3909,11,0,7,0,7,10,6672450199);
INSERT INTO `player_hands` VALUES (3915,11,2,6,3,1,10,6672450199);
INSERT INTO `player_hands` VALUES (3915,13,1,10,0,0,10,6672463860);
INSERT INTO `player_hands` VALUES (3913,3,0,3,3,1,10,6672463860);
INSERT INTO `player_hands` VALUES (3915,12,3,8,0,9,10,6672482221);
INSERT INTO `player_hands` VALUES (3913,11,2,5,0,0,10,6672482221);
INSERT INTO `player_hands` VALUES (3914,11,3,11,1,0,9,6672495500);
INSERT INTO `player_hands` VALUES (3913,6,2,6,3,8,9,6672495500);
INSERT INTO `player_hands` VALUES (3909,10,2,6,2,7,10,6672572143);
INSERT INTO `player_hands` VALUES (3915,6,0,5,0,1,10,6672572143);
INSERT INTO `player_hands` VALUES (3909,13,1,10,0,6,10,6672584960);
INSERT INTO `player_hands` VALUES (3911,11,1,10,2,8,10,6672584960);
INSERT INTO `player_hands` VALUES (3915,13,2,12,0,0,10,6672584960);
INSERT INTO `player_hands` VALUES (3911,13,2,12,0,7,10,6672602937);
INSERT INTO `player_hands` VALUES (3835,10,3,10,2,8,10,6672602937);
INSERT INTO `player_hands` VALUES (3906,9,2,9,3,0,10,6672619298);
INSERT INTO `player_hands` VALUES (3845,13,3,2,3,2,10,6672619298);
INSERT INTO `player_hands` VALUES (3913,13,1,5,2,9,10,6672619298);
INSERT INTO `player_hands` VALUES (3909,11,3,10,0,5,7,6672676489);
INSERT INTO `player_hands` VALUES (3913,12,2,2,1,1,7,6672676489);
INSERT INTO `player_hands` VALUES (3906,8,2,5,2,1,7,6672688031);
INSERT INTO `player_hands` VALUES (3913,11,3,8,1,0,7,6672688031);
INSERT INTO `player_hands` VALUES (3906,12,1,12,0,3,8,6672757406);
INSERT INTO `player_hands` VALUES (3914,12,3,11,3,4,8,6672757406);
INSERT INTO `player_hands` VALUES (3914,13,1,11,0,2,9,6672781847);
INSERT INTO `player_hands` VALUES (3917,11,1,3,0,8,9,6672781847);
INSERT INTO `player_hands` VALUES (3845,12,2,12,3,1,9,6672816313);
INSERT INTO `player_hands` VALUES (3917,11,1,8,1,6,9,6672816313);
INSERT INTO `player_hands` VALUES (3845,13,1,5,1,7,9,6672856148);
INSERT INTO `player_hands` VALUES (3909,12,3,10,0,8,9,6672856148);
INSERT INTO `player_hands` VALUES (3918,13,0,5,2,1,9,6672856148);
INSERT INTO `player_hands` VALUES (3906,10,1,9,0,2,9,6672896673);
INSERT INTO `player_hands` VALUES (3835,13,1,11,1,8,9,6672896673);
INSERT INTO `player_hands` VALUES (3913,12,2,12,3,1,9,6672896673);
INSERT INTO `player_hands` VALUES (3914,9,3,9,1,7,8,6672950429);
INSERT INTO `player_hands` VALUES (3909,12,1,12,2,1,8,6672950429);
INSERT INTO `player_hands` VALUES (3835,13,1,13,3,2,8,6672969124);
INSERT INTO `player_hands` VALUES (3917,13,0,7,0,3,8,6672969124);
INSERT INTO `player_hands` VALUES (3914,13,1,10,3,5,8,6672980280);
INSERT INTO `player_hands` VALUES (3917,8,2,6,0,2,8,6672980280);
INSERT INTO `player_hands` VALUES (3916,7,3,7,0,5,7,6672990500);
INSERT INTO `player_hands` VALUES (3859,13,1,11,1,1,7,6672990500);
INSERT INTO `player_hands` VALUES (3914,9,0,6,1,2,8,6673001514);
INSERT INTO `player_hands` VALUES (3919,9,2,4,1,4,8,6673001514);
INSERT INTO `player_hands` VALUES (3914,13,0,11,0,8,10,6673038967);
INSERT INTO `player_hands` VALUES (3859,12,3,10,0,6,10,6673038967);
INSERT INTO `player_hands` VALUES (3920,10,1,7,1,8,10,6673068919);
INSERT INTO `player_hands` VALUES (3919,13,1,9,0,9,10,6673068919);
INSERT INTO `player_hands` VALUES (3914,8,2,8,1,1,8,6673130562);
INSERT INTO `player_hands` VALUES (3920,11,0,10,1,3,8,6673130562);
INSERT INTO `player_hands` VALUES (3914,13,2,11,1,0,8,6673150007);
INSERT INTO `player_hands` VALUES (3920,10,0,7,0,2,8,6673150007);
INSERT INTO `player_hands` VALUES (3920,8,1,5,1,5,8,6673232660);
INSERT INTO `player_hands` VALUES (3916,6,0,6,3,6,8,6673232660);
INSERT INTO `player_hands` VALUES (3914,13,2,11,1,2,9,6673255720);
INSERT INTO `player_hands` VALUES (3920,13,1,1,0,4,9,6673255720);
INSERT INTO `player_hands` VALUES (3922,11,3,10,0,3,10,6673292650);
INSERT INTO `player_hands` VALUES (3859,12,2,10,1,8,10,6673292650);
INSERT INTO `player_hands` VALUES (3922,12,0,12,1,1,10,6673328607);
INSERT INTO `player_hands` VALUES (3910,13,0,3,0,5,10,6673328607);
INSERT INTO `player_hands` VALUES (3914,13,0,11,0,7,10,6673347979);
INSERT INTO `player_hands` VALUES (3835,8,3,8,2,3,10,6673347979);
INSERT INTO `player_hands` VALUES (3914,10,3,9,3,4,9,6673380544);
INSERT INTO `player_hands` VALUES (3916,13,1,6,3,8,9,6673380544);
INSERT INTO `player_hands` VALUES (3859,13,3,11,2,2,9,6673380544);
INSERT INTO `player_hands` VALUES (3922,13,2,10,1,5,8,6673411792);
INSERT INTO `player_hands` VALUES (3859,12,1,12,3,0,8,6673411792);
INSERT INTO `player_hands` VALUES (3908,13,0,1,0,0,8,6673431236);
INSERT INTO `player_hands` VALUES (3923,5,2,5,0,3,8,6673431236);
INSERT INTO `player_hands` VALUES (3908,13,2,3,1,7,9,6673463849);
INSERT INTO `player_hands` VALUES (3922,8,1,8,3,2,9,6673463849);
INSERT INTO `player_hands` VALUES (3921,12,1,11,0,7,8,6673476453);
INSERT INTO `player_hands` VALUES (3923,10,3,9,0,0,8,6673476453);
INSERT INTO `player_hands` VALUES (3923,6,2,4,1,2,9,6673549127);
INSERT INTO `player_hands` VALUES (3926,2,0,2,3,3,9,6673549127);
INSERT INTO `player_hands` VALUES (3930,12,2,8,3,2,8,6663443152);
INSERT INTO `player_hands` VALUES (3932,13,0,9,0,4,8,6663443152);
INSERT INTO `player_hands` VALUES (3929,12,0,11,1,7,9,6663450349);
INSERT INTO `player_hands` VALUES (3933,6,0,6,3,4,9,6663450349);
INSERT INTO `player_hands` VALUES (3928,12,2,9,1,5,8,6663478031);
INSERT INTO `player_hands` VALUES (3934,13,0,9,2,7,8,6663478031);
INSERT INTO `player_hands` VALUES (3837,10,3,10,2,4,7,6663492178);
INSERT INTO `player_hands` VALUES (3930,6,0,5,0,5,7,6663492178);
INSERT INTO `player_hands` VALUES (3837,10,1,10,2,1,6,6663497864);
INSERT INTO `player_hands` VALUES (3930,12,2,7,2,2,6,6663497864);
INSERT INTO `player_hands` VALUES (3930,13,0,6,1,1,6,6663501942);
INSERT INTO `player_hands` VALUES (3936,9,3,9,0,3,6,6663501942);
INSERT INTO `player_hands` VALUES (3928,9,2,7,1,4,5,6663510783);
INSERT INTO `player_hands` VALUES (3837,13,2,13,0,1,5,6663510783);
INSERT INTO `player_hands` VALUES (3928,13,2,3,1,3,6,6663517540);
INSERT INTO `player_hands` VALUES (3937,13,0,5,3,5,6,6663517540);
INSERT INTO `player_hands` VALUES (3835,10,3,1,1,2,6,6663524762);
INSERT INTO `player_hands` VALUES (3937,11,2,8,0,3,6,6663524762);
INSERT INTO `player_hands` VALUES (3837,11,1,8,1,2,5,6663529751);
INSERT INTO `player_hands` VALUES (3933,11,0,10,1,4,5,6663529751);
INSERT INTO `player_hands` VALUES (3835,12,1,12,3,4,8,6663550353);
INSERT INTO `player_hands` VALUES (3933,7,1,7,3,3,8,6663550353);
INSERT INTO `player_hands` VALUES (3948,13,3,7,0,2,10,6674055625);
INSERT INTO `player_hands` VALUES (3943,13,2,4,3,6,10,6674055625);
INSERT INTO `player_hands` VALUES (3944,6,1,5,2,7,10,6674055625);
INSERT INTO `player_hands` VALUES (3942,13,0,5,1,3,9,6674073131);
INSERT INTO `player_hands` VALUES (3944,10,3,4,0,6,9,6674073131);
INSERT INTO `player_hands` VALUES (3941,11,1,5,3,1,10,6674085041);
INSERT INTO `player_hands` VALUES (3942,12,0,10,3,2,10,6674085041);
INSERT INTO `player_hands` VALUES (3944,13,2,6,2,3,10,6674118908);
INSERT INTO `player_hands` VALUES (3950,12,0,12,3,6,10,6674118908);
INSERT INTO `player_hands` VALUES (3948,13,2,13,1,6,10,6674143860);
INSERT INTO `player_hands` VALUES (3945,7,1,5,0,2,10,6674143860);
INSERT INTO `player_hands` VALUES (3944,11,3,4,0,0,9,6674156081);
INSERT INTO `player_hands` VALUES (3949,7,0,6,1,2,9,6674156081);
INSERT INTO `player_hands` VALUES (3947,13,3,12,3,3,9,6674173624);
INSERT INTO `player_hands` VALUES (3944,13,2,5,3,8,9,6674173624);
INSERT INTO `player_hands` VALUES (3947,12,1,11,1,1,9,6674200116);
INSERT INTO `player_hands` VALUES (3950,12,2,12,3,0,9,6674200116);
INSERT INTO `player_hands` VALUES (3941,12,2,10,1,2,9,6674218680);
INSERT INTO `player_hands` VALUES (3949,13,0,7,1,7,9,6674218680);
INSERT INTO `player_hands` VALUES (3950,12,1,10,3,8,9,6674218680);
INSERT INTO `player_hands` VALUES (3944,13,0,6,0,4,9,6674236474);
INSERT INTO `player_hands` VALUES (3945,12,2,12,1,5,9,6674236474);
INSERT INTO `player_hands` VALUES (3948,12,1,10,0,5,8,6674277739);
INSERT INTO `player_hands` VALUES (3941,10,2,9,3,6,8,6674277739);
INSERT INTO `player_hands` VALUES (3947,12,1,9,3,3,8,6674293507);
INSERT INTO `player_hands` VALUES (3944,11,0,10,0,0,8,6674293507);
INSERT INTO `player_hands` VALUES (3947,11,3,5,3,2,6,6674314972);
INSERT INTO `player_hands` VALUES (3944,13,3,11,0,5,6,6674314972);
INSERT INTO `player_hands` VALUES (3835,9,0,4,0,2,7,6674335226);
INSERT INTO `player_hands` VALUES (3944,10,0,7,3,4,7,6674335226);
INSERT INTO `player_hands` VALUES (3943,10,2,3,1,2,8,6674348937);
INSERT INTO `player_hands` VALUES (3944,2,0,2,3,3,8,6674348937);
INSERT INTO `player_hands` VALUES (3951,11,2,5,2,7,9,6674359946);
INSERT INTO `player_hands` VALUES (3943,12,2,4,0,1,9,6674359946);
INSERT INTO `player_hands` VALUES (3949,10,2,8,0,4,9,6674359946);
INSERT INTO `player_hands` VALUES (3951,13,2,6,0,5,9,6674393850);
INSERT INTO `player_hands` VALUES (3835,10,1,10,3,7,9,6674393850);
INSERT INTO `player_hands` VALUES (3949,13,1,11,0,2,9,6674393850);
INSERT INTO `player_hands` VALUES (3944,4,1,2,1,8,10,6674416659);
INSERT INTO `player_hands` VALUES (3949,10,2,9,2,0,10,6674416659);
INSERT INTO `player_hands` VALUES (3942,9,1,8,3,1,9,6674452550);
INSERT INTO `player_hands` VALUES (3944,6,0,6,1,4,9,6674452550);
INSERT INTO `player_hands` VALUES (3954,10,3,9,2,0,6,6684400714);
INSERT INTO `player_hands` VALUES (3955,12,2,9,3,1,6,6684400714);
INSERT INTO `player_hands` VALUES (3835,13,1,7,1,5,6,6684400714);
INSERT INTO `player_hands` VALUES (3957,12,2,1,2,1,6,6684427127);
INSERT INTO `player_hands` VALUES (3958,13,2,3,2,2,6,6684427127);
INSERT INTO `player_hands` VALUES (3954,9,3,7,3,3,6,6684438639);
INSERT INTO `player_hands` VALUES (3835,11,1,7,1,2,6,6684438639);
INSERT INTO `player_hands` VALUES (3954,8,0,7,2,2,6,6684450001);
INSERT INTO `player_hands` VALUES (3957,13,3,5,0,5,6,6684450001);
INSERT INTO `player_hands` VALUES (3956,8,2,8,1,3,6,6684460635);
INSERT INTO `player_hands` VALUES (3957,9,0,9,3,4,6,6684460635);
INSERT INTO `player_hands` VALUES (3954,9,3,5,3,3,5,6684490481);
INSERT INTO `player_hands` VALUES (3958,11,0,10,0,1,5,6684490481);
INSERT INTO `player_hands` VALUES (3956,9,0,7,0,3,5,6684500613);
INSERT INTO `player_hands` VALUES (3835,3,2,1,1,1,5,6684500613);
INSERT INTO `player_hands` VALUES (3954,10,3,2,3,1,6,6684511111);
INSERT INTO `player_hands` VALUES (3891,6,2,4,1,2,6,6684511111);
INSERT INTO `player_hands` VALUES (3956,13,3,6,0,4,6,6684569233);
INSERT INTO `player_hands` VALUES (3957,12,3,12,0,5,6,6684569233);
INSERT INTO `player_hands` VALUES (3957,7,1,6,2,3,6,6684590252);
INSERT INTO `player_hands` VALUES (3835,10,0,10,3,5,6,6684590252);
INSERT INTO `player_hands` VALUES (3956,11,0,9,3,1,6,6684600300);
INSERT INTO `player_hands` VALUES (3957,10,0,8,1,2,6,6684600300);
INSERT INTO `player_hands` VALUES (3957,9,3,2,3,0,6,6684625312);
INSERT INTO `player_hands` VALUES (3958,5,2,3,3,1,6,6684625312);
INSERT INTO `player_hands` VALUES (3891,8,2,6,2,3,4,6684667959);
INSERT INTO `player_hands` VALUES (3958,10,1,5,2,1,4,6684667959);
INSERT INTO `player_hands` VALUES (3942,13,0,7,2,2,4,6684724454);
INSERT INTO `player_hands` VALUES (3958,12,2,11,0,3,4,6684724454);
INSERT INTO `player_hands` VALUES (3956,10,0,6,0,3,4,6684748359);
INSERT INTO `player_hands` VALUES (3835,13,3,3,2,2,4,6684748359);
INSERT INTO `player_hands` VALUES (3956,11,3,9,2,1,3,6684757130);
INSERT INTO `player_hands` VALUES (3942,8,0,5,2,2,3,6684757130);
INSERT INTO `player_hands` VALUES (3956,5,2,4,2,0,4,6684764776);
INSERT INTO `player_hands` VALUES (3942,12,1,11,2,1,4,6684764776);
INSERT INTO `player_hands` VALUES (3960,9,1,5,0,2,5,6684786626);
INSERT INTO `player_hands` VALUES (3942,12,0,4,0,4,5,6684786626);
INSERT INTO `player_hands` VALUES (3956,11,0,4,2,2,6,6684875984);
INSERT INTO `player_hands` VALUES (3962,6,3,6,0,4,6,6684875984);
INSERT INTO `player_hands` VALUES (3960,12,1,8,1,0,6,6684890975);
INSERT INTO `player_hands` VALUES (3942,5,2,2,3,2,6,6684890975);
INSERT INTO `player_hands` VALUES (3961,2,2,2,1,1,5,6684924586);
INSERT INTO `player_hands` VALUES (3942,10,3,8,3,3,5,6684924586);
INSERT INTO `player_hands` VALUES (3960,6,0,5,0,1,5,6684934837);
INSERT INTO `player_hands` VALUES (3942,12,2,7,1,2,5,6684934837);
INSERT INTO `player_hands` VALUES (3963,10,2,1,1,5,6,6684968624);
INSERT INTO `player_hands` VALUES (3942,13,3,12,1,0,6,6684968624);
INSERT INTO `player_hands` VALUES (3961,10,2,9,2,0,6,6685013570);
INSERT INTO `player_hands` VALUES (3963,7,2,2,3,2,6,6685013570);
INSERT INTO `player_hands` VALUES (3961,12,2,11,0,5,6,6685036434);
INSERT INTO `player_hands` VALUES (3963,6,2,1,3,1,6,6685036434);
INSERT INTO `player_hands` VALUES (3942,6,0,1,3,1,6,6685048633);
INSERT INTO `player_hands` VALUES (3962,10,0,7,0,2,6,6685048633);
INSERT INTO `player_hands` VALUES (3963,13,3,2,2,5,6,6685058808);
INSERT INTO `player_hands` VALUES (3942,10,2,5,2,0,6,6685058808);
INSERT INTO `player_hands` VALUES (3960,1,0,1,3,1,6,6685093372);
INSERT INTO `player_hands` VALUES (3963,10,3,6,3,2,6,6685093372);
INSERT INTO `player_hands` VALUES (3963,12,2,1,3,1,6,6685107007);
INSERT INTO `player_hands` VALUES (3942,13,0,13,1,2,6,6685107007);
INSERT INTO `player_hands` VALUES (3963,12,3,7,3,0,6,6685124347);
INSERT INTO `player_hands` VALUES (3962,12,0,4,0,2,6,6685124347);
INSERT INTO `player_hands` VALUES (3961,12,2,7,3,1,4,6685155122);
INSERT INTO `player_hands` VALUES (3942,13,1,9,2,2,4,6685155122);
INSERT INTO `player_hands` VALUES (3943,10,3,6,3,1,9,6674475995);
INSERT INTO `player_hands` VALUES (3944,13,0,11,1,2,9,6674475995);
INSERT INTO `player_hands` VALUES (3942,5,1,4,3,3,8,6674519733);
INSERT INTO `player_hands` VALUES (3835,12,1,10,3,4,8,6674519733);
INSERT INTO `player_hands` VALUES (3952,13,1,12,2,0,9,6674544626);
INSERT INTO `player_hands` VALUES (3943,9,1,8,1,4,9,6674544626);
INSERT INTO `player_hands` VALUES (3944,13,3,7,0,4,10,6674560162);
INSERT INTO `player_hands` VALUES (3965,10,0,7,1,6,10,6674560162);
INSERT INTO `player_hands` VALUES (3952,11,2,9,2,4,10,6674609376);
INSERT INTO `player_hands` VALUES (3945,13,1,12,2,0,10,6674609376);
INSERT INTO `player_hands` VALUES (3947,9,0,3,1,2,10,6674622656);
INSERT INTO `player_hands` VALUES (3942,13,1,4,0,5,10,6674622656);
INSERT INTO `player_hands` VALUES (3947,13,2,9,1,1,10,6674634044);
INSERT INTO `player_hands` VALUES (3966,13,1,5,1,7,10,6674634044);
INSERT INTO `player_hands` VALUES (3891,11,1,5,3,2,9,6674647288);
INSERT INTO `player_hands` VALUES (3964,7,2,2,2,8,9,6674647288);
INSERT INTO `player_hands` VALUES (3952,10,0,9,0,7,9,6674680426);
INSERT INTO `player_hands` VALUES (3942,13,0,11,2,0,9,6674680426);
INSERT INTO `player_hands` VALUES (3942,9,1,7,3,8,9,6674692392);
INSERT INTO `player_hands` VALUES (3966,12,0,9,2,2,9,6674692392);
INSERT INTO `player_hands` VALUES (3952,13,2,8,3,4,9,6674715613);
INSERT INTO `player_hands` VALUES (3942,12,2,9,1,6,9,6674715613);
INSERT INTO `player_hands` VALUES (3966,13,1,10,2,0,9,6674715613);
INSERT INTO `player_hands` VALUES (3952,13,1,9,2,4,10,6674732531);
INSERT INTO `player_hands` VALUES (3943,13,3,5,3,8,10,6674732531);
INSERT INTO `player_hands` VALUES (3891,10,0,9,0,2,8,6674788017);
INSERT INTO `player_hands` VALUES (3835,12,1,12,2,3,8,6674788017);
INSERT INTO `player_hands` VALUES (3969,6,0,4,1,2,10,6674797769);
INSERT INTO `player_hands` VALUES (3967,11,1,10,1,6,10,6674797769);
INSERT INTO `player_hands` VALUES (3970,6,1,1,1,2,8,6674836238);
INSERT INTO `player_hands` VALUES (3968,12,2,9,2,5,8,6674836238);
INSERT INTO `player_hands` VALUES (3835,12,0,12,3,8,9,6674850335);
INSERT INTO `player_hands` VALUES (3967,13,1,11,2,2,9,6674850335);
INSERT INTO `player_hands` VALUES (3952,4,2,4,3,5,10,6674860845);
INSERT INTO `player_hands` VALUES (3970,12,0,11,0,9,10,6674860845);
INSERT INTO `player_hands` VALUES (3947,12,0,3,2,2,10,6674893435);
INSERT INTO `player_hands` VALUES (3971,13,2,10,1,0,10,6674893435);
INSERT INTO `player_hands` VALUES (3952,13,1,1,3,1,10,6674915497);
INSERT INTO `player_hands` VALUES (3891,8,3,8,1,2,10,6674915497);
INSERT INTO `player_hands` VALUES (3947,10,3,6,3,7,9,6674943957);
INSERT INTO `player_hands` VALUES (3970,10,1,4,1,2,9,6674943957);
INSERT INTO `player_hands` VALUES (3970,12,3,9,0,9,10,6674976679);
INSERT INTO `player_hands` VALUES (3966,11,3,4,3,0,10,6674976679);
INSERT INTO `player_hands` VALUES (3968,12,0,9,1,3,10,6674976679);
INSERT INTO `player_hands` VALUES (3952,13,0,4,0,4,10,6674993807);
INSERT INTO `player_hands` VALUES (3968,13,3,3,2,2,10,6674993807);
INSERT INTO `player_hands` VALUES (3947,11,1,9,1,1,10,6675007896);
INSERT INTO `player_hands` VALUES (3952,12,2,6,0,2,10,6675007896);
INSERT INTO `player_hands` VALUES (3952,4,3,2,1,1,10,6675019003);
INSERT INTO `player_hands` VALUES (3891,9,0,6,2,2,10,6675019003);
INSERT INTO `player_hands` VALUES (3968,1,2,1,1,9,10,6675019003);
INSERT INTO `player_hands` VALUES (3891,9,0,9,2,0,9,6675046529);
INSERT INTO `player_hands` VALUES (3970,13,2,11,3,2,9,6675046529);
INSERT INTO `player_hands` VALUES (3947,11,3,10,1,6,10,6675063341);
INSERT INTO `player_hands` VALUES (3972,11,0,7,0,9,10,6675063341);
INSERT INTO `player_hands` VALUES (3970,13,2,8,0,0,9,6675077373);
INSERT INTO `player_hands` VALUES (3968,12,2,3,0,4,9,6675077373);
INSERT INTO `player_hands` VALUES (3952,9,2,6,2,1,10,6675130397);
INSERT INTO `player_hands` VALUES (3970,13,3,10,2,5,10,6675130397);
INSERT INTO `player_hands` VALUES (3952,11,2,7,2,2,6,6675174661);
INSERT INTO `player_hands` VALUES (3968,12,1,11,1,1,6,6675174661);
INSERT INTO `player_hands` VALUES (3952,11,1,7,1,1,6,6675183998);
INSERT INTO `player_hands` VALUES (3967,13,2,11,2,4,6,6675183998);
INSERT INTO `player_hands` VALUES (3974,4,1,4,0,7,8,6675196278);
INSERT INTO `player_hands` VALUES (3968,13,2,7,1,6,8,6675196278);
INSERT INTO `player_hands` VALUES (3952,13,3,9,2,6,7,6675207028);
INSERT INTO `player_hands` VALUES (3975,13,2,8,3,1,7,6675207028);
INSERT INTO `player_hands` VALUES (3974,12,1,10,2,6,10,6675225608);
INSERT INTO `player_hands` VALUES (3975,13,2,9,0,9,10,6675225608);
INSERT INTO `player_hands` VALUES (3975,12,2,11,1,5,10,6675260315);
INSERT INTO `player_hands` VALUES (3968,13,2,11,3,1,10,6675260315);
INSERT INTO `player_hands` VALUES (3977,13,2,13,1,6,10,6675277412);
INSERT INTO `player_hands` VALUES (3971,13,3,8,3,8,10,6675277412);
INSERT INTO `player_hands` VALUES (3976,13,1,12,1,2,10,6675306361);
INSERT INTO `player_hands` VALUES (3977,11,1,9,2,3,10,6675306361);
INSERT INTO `player_hands` VALUES (3952,13,2,1,3,4,10,6675332220);
INSERT INTO `player_hands` VALUES (3975,3,3,3,0,6,10,6675332220);
INSERT INTO `player_hands` VALUES (3835,12,2,10,1,0,8,6675370683);
INSERT INTO `player_hands` VALUES (3977,9,0,6,3,2,8,6675370683);
INSERT INTO `player_hands` VALUES (3891,12,2,11,1,6,8,6675379625);
INSERT INTO `player_hands` VALUES (3967,8,2,2,3,2,8,6675379625);
INSERT INTO `player_hands` VALUES (3835,8,0,8,2,6,8,6675389187);
INSERT INTO `player_hands` VALUES (3977,11,2,9,2,0,8,6675389187);
INSERT INTO `player_hands` VALUES (3835,11,3,10,3,2,8,6675425666);
INSERT INTO `player_hands` VALUES (3977,12,3,12,0,4,8,6675425666);
INSERT INTO `player_hands` VALUES (3979,12,1,11,2,4,6,6675447043);
INSERT INTO `player_hands` VALUES (3968,10,2,9,2,2,6,6675447043);
INSERT INTO `player_hands` VALUES (3979,7,2,4,3,0,2,6675464365);
INSERT INTO `player_hands` VALUES (3835,9,1,5,2,1,2,6675464365);
INSERT INTO `player_hands` VALUES (3979,4,1,3,1,1,2,6675469681);
INSERT INTO `player_hands` VALUES (3835,13,2,12,3,0,2,6675469681);
INSERT INTO `player_hands` VALUES (3982,9,0,4,0,9,10,6698938860);
INSERT INTO `player_hands` VALUES (3988,6,3,4,1,3,10,6698938860);
INSERT INTO `player_hands` VALUES (3983,12,1,10,0,9,10,6698957923);
INSERT INTO `player_hands` VALUES (3985,9,2,8,2,2,10,6698957923);
INSERT INTO `player_hands` VALUES (3982,13,3,12,1,5,9,6698972922);
INSERT INTO `player_hands` VALUES (3985,12,3,9,1,0,9,6698972922);
INSERT INTO `player_hands` VALUES (3835,13,1,10,1,1,9,6698993896);
INSERT INTO `player_hands` VALUES (3983,12,2,8,1,2,9,6698993896);
INSERT INTO `player_hands` VALUES (3982,13,3,4,3,5,9,6699014067);
INSERT INTO `player_hands` VALUES (3986,8,3,7,3,2,9,6699014067);
INSERT INTO `player_hands` VALUES (3982,11,2,10,3,3,9,6699027082);
INSERT INTO `player_hands` VALUES (3987,9,3,8,3,1,9,6699027082);
INSERT INTO `player_hands` VALUES (3989,13,3,1,3,1,8,6699039581);
INSERT INTO `player_hands` VALUES (3983,11,1,8,2,3,8,6699039581);
INSERT INTO `player_hands` VALUES (3985,13,1,6,1,5,8,6699039581);
INSERT INTO `player_hands` VALUES (3996,3,0,1,0,7,8,6698053404);
INSERT INTO `player_hands` VALUES (3995,4,2,3,3,2,8,6698053404);
INSERT INTO `player_hands` VALUES (3992,13,3,3,3,3,8,6698072057);
INSERT INTO `player_hands` VALUES (3835,13,2,10,3,7,8,6698072057);
INSERT INTO `player_hands` VALUES (3847,6,2,6,1,4,7,6698110081);
INSERT INTO `player_hands` VALUES (3995,13,1,11,1,2,7,6698110081);
INSERT INTO `player_hands` VALUES (3995,7,2,1,0,1,8,6698123168);
INSERT INTO `player_hands` VALUES (3989,13,1,10,0,2,8,6698123168);
INSERT INTO `player_hands` VALUES (3847,6,0,2,3,2,8,6698137720);
INSERT INTO `player_hands` VALUES (3997,13,0,6,2,5,8,6698137720);
INSERT INTO `player_hands` VALUES (3995,13,1,8,3,0,8,6698137720);
INSERT INTO `player_hands` VALUES (3992,13,0,10,0,3,7,6698151252);
INSERT INTO `player_hands` VALUES (3997,13,1,11,0,4,7,6698151252);
INSERT INTO `player_hands` VALUES (3998,9,1,5,1,1,6,6698170610);
INSERT INTO `player_hands` VALUES (3997,13,1,13,2,2,6,6698170610);
INSERT INTO `player_hands` VALUES (3847,12,3,11,3,5,7,6698184372);
INSERT INTO `player_hands` VALUES (3997,12,1,9,3,1,7,6698184372);
INSERT INTO `player_hands` VALUES (3999,6,0,5,0,5,10,6698202088);
INSERT INTO `player_hands` VALUES (3997,11,1,3,1,9,10,6698202088);
INSERT INTO `player_hands` VALUES (3998,13,1,5,3,5,10,6698213674);
INSERT INTO `player_hands` VALUES (3997,6,2,3,2,8,10,6698213674);
INSERT INTO `player_hands` VALUES (3994,13,0,11,3,9,10,6698213674);
INSERT INTO `player_hands` VALUES (3998,10,3,7,3,3,10,6698247791);
INSERT INTO `player_hands` VALUES (3835,12,2,9,2,8,10,6698247791);
INSERT INTO `player_hands` VALUES (3999,11,1,8,1,1,10,6698262791);
INSERT INTO `player_hands` VALUES (3994,11,3,9,2,6,10,6698262791);
INSERT INTO `player_hands` VALUES (4000,11,0,2,0,1,10,6698283332);
INSERT INTO `player_hands` VALUES (3997,12,3,10,0,3,10,6698283332);
INSERT INTO `player_hands` VALUES (3997,11,3,6,3,2,10,6698301868);
INSERT INTO `player_hands` VALUES (3994,11,2,8,3,3,10,6698301868);
INSERT INTO `player_hands` VALUES (3847,11,3,11,0,5,10,6698323431);
INSERT INTO `player_hands` VALUES (3993,12,3,11,1,9,10,6698323431);
INSERT INTO `player_hands` VALUES (3847,11,2,10,0,8,9,6698402301);
INSERT INTO `player_hands` VALUES (3997,12,3,7,3,3,9,6698402301);
INSERT INTO `player_hands` VALUES (3847,3,2,3,1,7,9,6698416265);
INSERT INTO `player_hands` VALUES (3999,10,2,9,2,8,9,6698416265);
INSERT INTO `player_hands` VALUES (4002,13,2,9,1,0,9,6698416265);
INSERT INTO `player_hands` VALUES (3994,13,3,2,2,3,9,6698416265);
INSERT INTO `player_hands` VALUES (3997,5,0,1,0,0,9,6698440364);
INSERT INTO `player_hands` VALUES (3994,13,2,7,2,1,9,6698440364);
INSERT INTO `player_hands` VALUES (3835,9,3,3,0,2,9,6698440364);
INSERT INTO `player_hands` VALUES (3997,7,2,2,2,8,9,6698452609);
INSERT INTO `player_hands` VALUES (3989,13,0,11,0,3,9,6698452609);
INSERT INTO `player_hands` VALUES (3999,11,1,11,3,3,9,6698478001);
INSERT INTO `player_hands` VALUES (4002,10,1,8,3,4,9,6698478001);
INSERT INTO `player_hands` VALUES (3997,12,1,9,2,6,9,6698478001);
INSERT INTO `player_hands` VALUES (3847,13,1,11,2,7,8,6698513531);
INSERT INTO `player_hands` VALUES (3997,3,2,3,0,3,8,6698513531);
INSERT INTO `player_hands` VALUES (4000,12,2,2,2,1,9,6698530256);
INSERT INTO `player_hands` VALUES (3997,10,3,9,0,3,9,6698530256);
INSERT INTO `player_hands` VALUES (3847,12,1,9,0,6,9,6698541066);
INSERT INTO `player_hands` VALUES (3997,10,1,1,0,2,9,6698541066);
INSERT INTO `player_hands` VALUES (3847,11,1,10,1,6,10,6698554287);
INSERT INTO `player_hands` VALUES (3997,13,0,5,0,1,10,6698554287);
INSERT INTO `player_hands` VALUES (4002,12,0,9,2,7,10,6698566592);
INSERT INTO `player_hands` VALUES (4003,13,1,12,2,1,10,6698566592);
INSERT INTO `player_hands` VALUES (4002,7,2,4,2,6,9,6698580262);
INSERT INTO `player_hands` VALUES (4003,13,3,13,0,0,9,6698580262);
INSERT INTO `player_hands` VALUES (3847,13,0,5,0,3,9,6698592760);
INSERT INTO `player_hands` VALUES (3989,6,3,6,1,2,9,6698592760);
INSERT INTO `player_hands` VALUES (4002,9,2,8,2,4,10,6698605057);
INSERT INTO `player_hands` VALUES (4000,12,1,3,0,5,10,6698605057);
INSERT INTO `player_hands` VALUES (3997,12,0,9,3,7,10,6698605057);
INSERT INTO `player_hands` VALUES (4000,13,3,12,3,2,9,6698631269);
INSERT INTO `player_hands` VALUES (3993,9,0,9,3,3,9,6698631269);
INSERT INTO `player_hands` VALUES (4003,13,2,11,0,6,7,6698666512);
INSERT INTO `player_hands` VALUES (3835,13,0,11,2,0,7,6698666512);
INSERT INTO `player_hands` VALUES (3997,12,2,4,1,2,6,6698714572);
INSERT INTO `player_hands` VALUES (3835,13,0,13,1,4,6,6698714572);
INSERT INTO `player_hands` VALUES (4006,12,1,4,3,4,6,6698720366);
INSERT INTO `player_hands` VALUES (3997,13,1,1,3,1,6,6698720366);
INSERT INTO `player_hands` VALUES (4007,11,1,3,1,5,7,6698738176);
INSERT INTO `player_hands` VALUES (3997,12,0,12,1,6,7,6698738176);
INSERT INTO `player_hands` VALUES (4006,11,3,5,1,2,9,6698748366);
INSERT INTO `player_hands` VALUES (3999,9,2,9,3,3,9,6698748366);
INSERT INTO `player_hands` VALUES (4006,11,0,5,0,1,9,6698754479);
INSERT INTO `player_hands` VALUES (3999,12,3,7,3,2,9,6698754479);
INSERT INTO `player_hands` VALUES (4006,8,0,3,0,0,9,6698760858);
INSERT INTO `player_hands` VALUES (4008,11,0,6,0,2,9,6698760858);
INSERT INTO `player_hands` VALUES (4007,8,2,7,3,2,9,6698768109);
INSERT INTO `player_hands` VALUES (3997,12,2,6,3,4,9,6698768109);
INSERT INTO `player_hands` VALUES (4008,12,1,10,3,0,9,6698775125);
INSERT INTO `player_hands` VALUES (3835,13,0,12,0,5,9,6698775125);
INSERT INTO `player_hands` VALUES (4006,9,0,3,0,6,9,6698784733);
INSERT INTO `player_hands` VALUES (4008,7,0,7,2,8,9,6698784733);
INSERT INTO `player_hands` VALUES (4009,13,0,12,0,1,9,6698784733);
INSERT INTO `player_hands` VALUES (3997,12,1,11,3,2,9,6698784733);
INSERT INTO `player_hands` VALUES (4006,13,2,6,0,4,8,6698792577);
INSERT INTO `player_hands` VALUES (4008,7,3,7,0,6,8,6698792577);
INSERT INTO `player_hands` VALUES (4009,13,2,2,3,8,9,6698797517);
INSERT INTO `player_hands` VALUES (4010,12,1,4,2,2,9,6698797517);
INSERT INTO `player_hands` VALUES (4009,5,2,1,0,7,9,6698804120);
INSERT INTO `player_hands` VALUES (3997,13,2,10,3,8,9,6698804120);
INSERT INTO `player_hands` VALUES (4006,12,3,9,2,1,7,6698815381);
INSERT INTO `player_hands` VALUES (3997,10,3,7,3,4,7,6698815381);
INSERT INTO `player_hands` VALUES (3997,5,2,5,3,2,4,6698846921);
INSERT INTO `player_hands` VALUES (3835,13,3,11,3,3,4,6698846921);
INSERT INTO `player_hands` VALUES (4006,4,3,3,2,2,4,6698853539);
INSERT INTO `player_hands` VALUES (4007,10,0,8,1,3,4,6698853539);
INSERT INTO `player_hands` VALUES (4006,6,3,2,1,2,4,6698867086);
INSERT INTO `player_hands` VALUES (3835,8,3,5,3,1,4,6698867086);
INSERT INTO `player_hands` VALUES (4011,4,1,4,3,5,10,6797210138);
INSERT INTO `player_hands` VALUES (4016,11,3,9,3,1,10,6797210138);
INSERT INTO `player_hands` VALUES (3835,13,2,12,0,6,10,6797223896);
INSERT INTO `player_hands` VALUES (4015,9,2,5,3,9,10,6797223896);
INSERT INTO `player_hands` VALUES (4011,11,1,9,0,3,9,6797235395);
INSERT INTO `player_hands` VALUES (4015,13,2,4,0,7,9,6797235395);
INSERT INTO `player_hands` VALUES (4016,8,2,7,3,8,9,6797235395);
INSERT INTO `player_hands` VALUES (4011,5,0,3,0,2,9,6797248128);
INSERT INTO `player_hands` VALUES (4015,13,2,12,1,7,9,6797248128);
INSERT INTO `player_hands` VALUES (4019,12,0,11,2,1,9,6797248128);
INSERT INTO `player_hands` VALUES (4021,12,3,4,2,4,10,6797163716);
INSERT INTO `player_hands` VALUES (4022,12,2,11,2,5,10,6797163716);
INSERT INTO `player_hands` VALUES (4024,12,0,3,1,7,10,6797163716);
INSERT INTO `player_hands` VALUES (4026,12,1,7,1,0,10,6797163716);
INSERT INTO `player_hands` VALUES (4029,4,0,4,3,3,10,6797163716);
INSERT INTO `player_hands` VALUES (4021,2,3,2,1,3,10,6797177049);
INSERT INTO `player_hands` VALUES (4027,10,0,9,2,0,10,6797177049);
INSERT INTO `player_hands` VALUES (4021,12,3,6,2,2,10,6797193218);
INSERT INTO `player_hands` VALUES (4024,13,1,7,3,5,10,6797193218);
INSERT INTO `player_hands` VALUES (4026,13,3,4,3,8,10,6797193218);
INSERT INTO `player_hands` VALUES (4021,10,2,4,2,1,10,6797209875);
INSERT INTO `player_hands` VALUES (4027,12,2,6,2,8,10,6797209875);
INSERT INTO `player_hands` VALUES (4029,8,1,7,1,0,10,6797209875);
INSERT INTO `player_hands` VALUES (4021,12,3,11,3,0,10,6797225325);
INSERT INTO `player_hands` VALUES (4024,11,2,1,1,3,10,6797225325);
INSERT INTO `player_hands` VALUES (4022,13,2,10,0,0,10,6797235871);
INSERT INTO `player_hands` VALUES (4024,13,1,2,2,2,10,6797235871);
INSERT INTO `player_hands` VALUES (4030,12,2,4,2,8,10,6797064851);
INSERT INTO `player_hands` VALUES (4032,8,2,8,1,0,10,6797064851);
INSERT INTO `player_hands` VALUES (4032,8,0,8,3,8,9,6797082816);
INSERT INTO `player_hands` VALUES (4034,9,0,4,1,2,9,6797082816);
INSERT INTO `player_hands` VALUES (4035,11,3,9,3,3,9,6797082816);
INSERT INTO `player_hands` VALUES (4036,13,2,7,2,4,9,6797082816);
INSERT INTO `player_hands` VALUES (4032,6,3,4,2,8,10,6797099423);
INSERT INTO `player_hands` VALUES (4035,12,3,3,3,2,10,6797099423);
INSERT INTO `player_hands` VALUES (4030,13,2,11,3,3,9,6797136183);
INSERT INTO `player_hands` VALUES (4033,7,1,5,1,6,9,6797136183);
INSERT INTO `player_hands` VALUES (4030,7,0,1,1,3,10,6797149297);
INSERT INTO `player_hands` VALUES (4031,11,3,9,0,4,10,6797149297);
INSERT INTO `player_hands` VALUES (4032,6,0,4,0,5,10,6797149297);
INSERT INTO `player_hands` VALUES (4036,11,2,9,2,0,10,6797149297);
INSERT INTO `player_hands` VALUES (4030,10,2,9,2,1,9,6797168276);
INSERT INTO `player_hands` VALUES (4032,8,2,5,1,3,9,6797168276);
INSERT INTO `player_hands` VALUES (4038,3,1,3,2,4,9,6797168276);
INSERT INTO `player_hands` VALUES (4035,13,0,6,2,7,9,6797168276);
INSERT INTO `player_hands` VALUES (4030,7,3,1,1,0,9,6797193594);
INSERT INTO `player_hands` VALUES (4031,8,0,6,0,1,9,6797193594);
INSERT INTO `player_hands` VALUES (4032,9,2,2,0,2,9,6797193594);
INSERT INTO `player_hands` VALUES (4038,9,0,6,1,3,9,6797193594);
INSERT INTO `player_hands` VALUES (4035,10,2,9,1,6,9,6797193594);
INSERT INTO `player_hands` VALUES (4030,12,1,3,2,6,8,6797222316);
INSERT INTO `player_hands` VALUES (4032,11,3,8,1,0,8,6797222316);
INSERT INTO `player_hands` VALUES (4036,13,1,10,1,4,8,6797222316);
INSERT INTO `player_hands` VALUES (4036,11,1,5,2,3,8,6797236216);
INSERT INTO `player_hands` VALUES (4037,11,0,3,2,4,8,6797236216);
INSERT INTO `player_hands` VALUES (4030,13,1,5,0,4,8,6797249723);
INSERT INTO `player_hands` VALUES (4036,8,2,5,1,2,8,6797249723);
INSERT INTO `player_hands` VALUES (4030,7,3,7,0,3,8,6797260414);
INSERT INTO `player_hands` VALUES (4032,11,1,8,2,5,8,6797260414);
INSERT INTO `player_hands` VALUES (4035,12,0,12,1,0,8,6797260414);
INSERT INTO `player_hands` VALUES (4036,13,3,9,1,1,8,6797260414);
INSERT INTO `player_hands` VALUES (4030,7,3,6,0,3,9,6797275728);
INSERT INTO `player_hands` VALUES (4032,11,1,2,3,5,9,6797275728);
INSERT INTO `player_hands` VALUES (4034,12,2,12,0,7,9,6797275728);
INSERT INTO `player_hands` VALUES (3853,1,2,1,3,0,8,6797289658);
INSERT INTO `player_hands` VALUES (4030,5,2,5,0,1,8,6797289658);
INSERT INTO `player_hands` VALUES (4031,12,1,11,1,2,8,6797289658);
INSERT INTO `player_hands` VALUES (4036,13,3,9,2,7,8,6797289658);
INSERT INTO `player_hands` VALUES (4031,13,2,2,2,1,8,6797311633);
INSERT INTO `player_hands` VALUES (4034,5,0,5,3,4,8,6797311633);
INSERT INTO `player_hands` VALUES (4030,9,2,4,0,5,8,6797335198);
INSERT INTO `player_hands` VALUES (4040,10,0,10,2,7,8,6797335198);
INSERT INTO `player_hands` VALUES (4040,12,3,6,3,6,8,6797348172);
INSERT INTO `player_hands` VALUES (4041,13,2,9,3,3,8,6797348172);
INSERT INTO `player_hands` VALUES (4031,11,0,11,3,4,8,6797375985);
INSERT INTO `player_hands` VALUES (4035,12,3,9,3,0,8,6797375985);
INSERT INTO `player_hands` VALUES (3853,3,2,3,1,1,9,6797389171);
INSERT INTO `player_hands` VALUES (4034,11,3,10,0,7,9,6797389171);
INSERT INTO `player_hands` VALUES (4031,13,2,12,2,1,9,6797418344);
INSERT INTO `player_hands` VALUES (3835,13,1,9,1,4,9,6797418344);
INSERT INTO `player_hands` VALUES (4042,10,1,9,0,8,9,6797418344);
INSERT INTO `player_hands` VALUES (4034,8,1,5,1,4,9,6797435385);
INSERT INTO `player_hands` VALUES (4041,13,3,9,3,6,9,6797435385);
INSERT INTO `player_hands` VALUES (4030,12,3,10,0,7,9,6797453231);
INSERT INTO `player_hands` VALUES (4034,11,0,5,0,3,9,6797453231);
INSERT INTO `player_hands` VALUES (4030,11,3,1,1,6,9,6797469636);
INSERT INTO `player_hands` VALUES (4040,12,3,11,0,8,9,6797469636);
INSERT INTO `player_hands` VALUES (4041,10,2,9,0,4,9,6797469636);
INSERT INTO `player_hands` VALUES (4030,7,1,2,0,5,9,6797484317);
INSERT INTO `player_hands` VALUES (4035,9,0,6,2,2,9,6797484317);
INSERT INTO `player_hands` VALUES (4030,4,3,4,1,4,9,6797496710);
INSERT INTO `player_hands` VALUES (4040,7,2,4,2,6,9,6797496710);
INSERT INTO `player_hands` VALUES (4041,9,2,7,3,2,9,6797496710);
INSERT INTO `player_hands` VALUES (4040,12,0,11,3,4,8,6797509737);
INSERT INTO `player_hands` VALUES (4042,10,2,8,2,1,8,6797509737);
INSERT INTO `player_hands` VALUES (4030,5,3,4,3,1,8,6797522587);
INSERT INTO `player_hands` VALUES (4039,10,3,10,1,4,8,6797522587);
INSERT INTO `player_hands` VALUES (4034,13,0,6,0,5,9,6797537281);
INSERT INTO `player_hands` VALUES (4035,13,2,6,3,6,9,6797537281);
INSERT INTO `player_hands` VALUES (4030,6,2,3,0,7,8,6797549253);
INSERT INTO `player_hands` VALUES (4039,1,2,1,0,1,8,6797549253);
INSERT INTO `player_hands` VALUES (4042,13,0,9,1,6,8,6797549253);
INSERT INTO `player_hands` VALUES (4043,13,2,6,1,7,8,6797559589);
INSERT INTO `player_hands` VALUES (4034,10,1,4,2,2,8,6797559589);
INSERT INTO `player_hands` VALUES (4030,7,3,5,0,5,8,6797572051);
INSERT INTO `player_hands` VALUES (4044,13,2,10,2,2,8,6797572051);
INSERT INTO `player_hands` VALUES (4043,13,0,12,1,4,7,6797583012);
INSERT INTO `player_hands` VALUES (4044,6,2,1,3,1,7,6797583012);
INSERT INTO `player_hands` VALUES (4034,13,3,7,0,7,8,6797593989);
INSERT INTO `player_hands` VALUES (4042,6,0,6,1,2,8,6797593989);
INSERT INTO `player_hands` VALUES (4040,9,3,8,1,2,8,6797620415);
INSERT INTO `player_hands` VALUES (4034,12,3,1,3,5,8,6797620415);
INSERT INTO `player_hands` VALUES (4044,10,3,9,1,6,8,6797620415);
INSERT INTO `player_hands` VALUES (4039,13,3,11,3,1,8,6797641299);
INSERT INTO `player_hands` VALUES (4042,6,3,6,0,6,8,6797641299);
INSERT INTO `player_hands` VALUES (3835,9,1,9,0,0,8,6797663461);
INSERT INTO `player_hands` VALUES (4044,3,1,1,0,2,8,6797663461);
INSERT INTO `player_hands` VALUES (4030,10,1,1,3,3,8,6797693530);
INSERT INTO `player_hands` VALUES (4044,6,3,5,2,0,8,6797693530);
INSERT INTO `player_hands` VALUES (4030,9,1,8,2,1,7,6797707019);
INSERT INTO `player_hands` VALUES (4043,7,2,5,3,2,7,6797707019);
INSERT INTO `player_hands` VALUES (4044,13,1,11,1,6,7,6797707019);
INSERT INTO `player_hands` VALUES (4041,4,2,1,2,0,7,6797707019);
INSERT INTO `player_hands` VALUES (4030,8,0,3,2,7,8,6797730169);
INSERT INTO `player_hands` VALUES (4044,13,0,10,0,4,8,6797730169);
INSERT INTO `player_hands` VALUES (4044,13,0,10,1,3,8,6797743585);
INSERT INTO `player_hands` VALUES (4041,12,0,8,2,4,8,6797743585);
INSERT INTO `player_hands` VALUES (4030,4,3,1,3,5,9,6797756314);
INSERT INTO `player_hands` VALUES (4047,6,2,5,1,8,9,6797756314);
INSERT INTO `player_hands` VALUES (4047,11,2,5,2,7,9,6797778998);
INSERT INTO `player_hands` VALUES (4044,11,0,10,0,1,9,6797778998);
INSERT INTO `player_hands` VALUES (4041,13,2,13,0,2,9,6797778998);
INSERT INTO `player_hands` VALUES (4048,13,0,4,2,6,8,6806280336);
INSERT INTO `player_hands` VALUES (4053,5,0,5,3,4,8,6806280336);
INSERT INTO `player_hands` VALUES (4050,6,2,3,2,2,10,6806340801);
INSERT INTO `player_hands` VALUES (4053,9,3,8,0,7,10,6806340801);
INSERT INTO `player_hands` VALUES (4051,12,1,11,3,3,10,6806347966);
INSERT INTO `player_hands` VALUES (4053,9,3,8,3,6,10,6806347966);
INSERT INTO `player_hands` VALUES (4049,12,0,10,0,7,9,6806373267);
INSERT INTO `player_hands` VALUES (4052,6,1,5,0,2,9,6806373267);
INSERT INTO `player_hands` VALUES (4053,13,2,8,2,3,9,6806373267);
INSERT INTO `player_hands` VALUES (4048,13,2,12,1,5,9,6806387045);
INSERT INTO `player_hands` VALUES (4053,7,2,6,2,2,9,6806387045);
INSERT INTO `player_hands` VALUES (4048,11,0,10,2,2,6,6806402679);
INSERT INTO `player_hands` VALUES (4053,12,2,5,3,1,6,6806402679);
INSERT INTO `player_hands` VALUES (3835,10,3,9,2,1,3,6806420483);
INSERT INTO `player_hands` VALUES (4053,10,0,4,1,2,3,6806420483);
INSERT INTO `player_hands` VALUES (4050,11,0,11,2,0,6,6806433552);
INSERT INTO `player_hands` VALUES (4059,8,1,8,0,4,6,6806433552);
INSERT INTO `player_hands` VALUES (4060,10,2,6,2,5,6,6806433552);
INSERT INTO `player_hands` VALUES (3835,11,0,10,2,1,7,6806450939);
INSERT INTO `player_hands` VALUES (4059,9,0,6,2,2,7,6806450939);
INSERT INTO `player_hands` VALUES (4061,11,1,11,3,6,8,6806502204);
INSERT INTO `player_hands` VALUES (3835,13,0,13,1,1,8,6806502204);
INSERT INTO `player_hands` VALUES (4063,13,3,9,2,1,9,6806512854);
INSERT INTO `player_hands` VALUES (4060,8,3,4,3,2,9,6806512854);
INSERT INTO `player_hands` VALUES (4048,5,0,5,3,3,9,6806525513);
INSERT INTO `player_hands` VALUES (3835,13,0,13,2,8,9,6806525513);
INSERT INTO `player_hands` VALUES (4060,13,3,7,0,1,9,6806525513);
INSERT INTO `player_hands` VALUES (4050,7,2,2,2,1,8,6806556334);
INSERT INTO `player_hands` VALUES (4057,9,1,1,1,2,8,6806556334);
INSERT INTO `player_hands` VALUES (4063,10,2,6,2,4,8,6806556334);
INSERT INTO `player_hands` VALUES (4048,13,0,7,3,7,10,6806570552);
INSERT INTO `player_hands` VALUES (4057,11,0,11,1,1,10,6806570552);
INSERT INTO `player_hands` VALUES (4048,13,3,6,3,6,10,6806587163);
INSERT INTO `player_hands` VALUES (4066,13,0,7,3,4,10,6806587163);
INSERT INTO `player_hands` VALUES (4048,13,3,11,1,3,9,6806618803);
INSERT INTO `player_hands` VALUES (4064,13,1,8,1,4,9,6806618803);
INSERT INTO `player_hands` VALUES (4062,13,0,9,2,9,10,6806643815);
INSERT INTO `player_hands` VALUES (4066,12,3,11,0,8,10,6806643815);
INSERT INTO `player_hands` VALUES (4067,12,1,12,3,8,9,6806677456);
INSERT INTO `player_hands` VALUES (4063,13,0,12,2,3,9,6806677456);
INSERT INTO `player_hands` VALUES (4063,11,2,10,0,1,9,6806698442);
INSERT INTO `player_hands` VALUES (4066,11,3,8,2,2,9,6806698442);
INSERT INTO `player_hands` VALUES (4068,13,0,7,0,5,10,6806716816);
INSERT INTO `player_hands` VALUES (4063,12,0,11,0,9,10,6806716816);
INSERT INTO `player_hands` VALUES (4048,12,0,10,2,9,10,6806747250);
INSERT INTO `player_hands` VALUES (4066,11,0,1,0,7,10,6806747250);
INSERT INTO `player_hands` VALUES (4068,11,2,11,3,1,10,6806755714);
INSERT INTO `player_hands` VALUES (4063,13,0,10,3,5,10,6806755714);
INSERT INTO `player_hands` VALUES (4068,8,3,7,0,9,10,6806769883);
INSERT INTO `player_hands` VALUES (4066,5,2,4,2,4,10,6806769883);
INSERT INTO `player_hands` VALUES (4065,13,1,9,1,7,10,6806810121);
INSERT INTO `player_hands` VALUES (4066,7,2,5,2,0,10,6806810121);
INSERT INTO `player_hands` VALUES (4065,13,2,13,0,4,9,6806833628);
INSERT INTO `player_hands` VALUES (4066,10,1,8,1,7,9,6806833628);
INSERT INTO `player_hands` VALUES (4048,10,3,10,0,4,8,6806863635);
INSERT INTO `player_hands` VALUES (4063,13,0,4,0,1,8,6806863635);
INSERT INTO `player_hands` VALUES (4062,12,3,11,3,2,8,6806872538);
INSERT INTO `player_hands` VALUES (4066,8,3,8,2,1,8,6806872538);
INSERT INTO `player_hands` VALUES (4069,13,3,12,3,2,8,6806884688);
INSERT INTO `player_hands` VALUES (4063,13,1,11,3,6,8,6806884688);
INSERT INTO `player_hands` VALUES (4068,13,0,11,0,2,10,6806897259);
INSERT INTO `player_hands` VALUES (4063,13,3,10,0,6,10,6806897259);
INSERT INTO `player_hands` VALUES (4048,10,3,9,2,7,10,6806914961);
INSERT INTO `player_hands` VALUES (4057,13,3,12,0,1,10,6806914961);
INSERT INTO `player_hands` VALUES (4062,8,3,6,3,2,10,6806950887);
INSERT INTO `player_hands` VALUES (4072,11,2,5,2,1,10,6806950887);
INSERT INTO `player_hands` VALUES (4062,13,1,10,2,1,10,6806960379);
INSERT INTO `player_hands` VALUES (4063,7,0,7,1,9,10,6806960379);
INSERT INTO `player_hands` VALUES (4069,13,2,11,1,2,10,6806973953);
INSERT INTO `player_hands` VALUES (4072,13,3,11,2,9,10,6806973953);
INSERT INTO `player_hands` VALUES (4062,13,0,7,0,9,10,6806983117);
INSERT INTO `player_hands` VALUES (4072,7,1,6,3,8,10,6806983117);
INSERT INTO `player_hands` VALUES (4068,8,0,6,0,2,10,6806996783);
INSERT INTO `player_hands` VALUES (4063,10,3,10,0,6,10,6806996783);
INSERT INTO `player_hands` VALUES (4070,13,2,11,1,0,10,6807007812);
INSERT INTO `player_hands` VALUES (3835,13,3,10,2,4,10,6807007812);
INSERT INTO `player_hands` VALUES (4062,13,1,11,3,4,10,6807038478);
INSERT INTO `player_hands` VALUES (4071,8,1,8,2,0,10,6807038478);
INSERT INTO `player_hands` VALUES (4063,12,2,6,2,2,10,6807038478);
INSERT INTO `player_hands` VALUES (4048,13,1,1,1,4,10,6807049936);
INSERT INTO `player_hands` VALUES (4068,13,2,7,2,7,10,6807049936);
INSERT INTO `player_hands` VALUES (4073,11,2,2,2,7,10,6807072061);
INSERT INTO `player_hands` VALUES (4072,13,2,12,3,0,10,6807072061);
INSERT INTO `player_hands` VALUES (4070,13,3,12,3,3,10,6807086868);
INSERT INTO `player_hands` VALUES (4072,11,3,10,2,9,10,6807086868);
INSERT INTO `player_hands` VALUES (4048,13,3,11,2,8,10,6807115689);
INSERT INTO `player_hands` VALUES (4072,13,0,5,2,6,10,6807115689);
INSERT INTO `player_hands` VALUES (4062,10,1,8,1,6,10,6807126581);
INSERT INTO `player_hands` VALUES (4069,13,2,4,2,8,10,6807126581);
INSERT INTO `player_hands` VALUES (4048,11,0,5,0,2,9,6807166272);
INSERT INTO `player_hands` VALUES (4068,10,1,9,2,5,9,6807166272);
INSERT INTO `player_hands` VALUES (4068,10,2,9,2,4,10,6807174821);
INSERT INTO `player_hands` VALUES (4057,12,2,12,0,5,10,6807174821);
INSERT INTO `player_hands` VALUES (4070,12,2,7,1,2,10,6807185805);
INSERT INTO `player_hands` VALUES (4063,11,3,11,0,7,10,6807185805);
INSERT INTO `player_hands` VALUES (4074,12,3,5,3,5,10,6807231783);
INSERT INTO `player_hands` VALUES (4068,13,0,2,0,7,10,6807231783);
INSERT INTO `player_hands` VALUES (4057,13,2,4,2,8,10,6807231783);
INSERT INTO `player_hands` VALUES (4075,10,2,9,2,2,10,6807231783);
INSERT INTO `player_hands` VALUES (4062,12,2,7,2,0,10,6807264599);
INSERT INTO `player_hands` VALUES (4057,10,0,9,0,5,10,6807264599);
INSERT INTO `player_hands` VALUES (4062,13,0,7,3,9,10,6807275313);
INSERT INTO `player_hands` VALUES (4070,4,3,4,1,2,10,6807275313);
INSERT INTO `player_hands` VALUES (4057,13,1,13,0,2,10,6807290231);
INSERT INTO `player_hands` VALUES (4063,12,0,12,3,5,10,6807290231);
INSERT INTO `player_hands` VALUES (4070,11,2,9,3,8,10,6807308841);
INSERT INTO `player_hands` VALUES (4073,11,0,10,1,1,10,6807308841);
INSERT INTO `player_hands` VALUES (4074,13,3,11,1,5,10,6807330302);
INSERT INTO `player_hands` VALUES (4075,10,3,8,2,2,10,6807330302);
INSERT INTO `player_hands` VALUES (4070,11,1,9,0,4,10,6807348502);
INSERT INTO `player_hands` VALUES (3835,13,1,12,0,8,10,6807348502);
INSERT INTO `player_hands` VALUES (4057,13,0,9,1,5,10,6807359689);
INSERT INTO `player_hands` VALUES (4075,12,3,12,2,9,10,6807359689);
INSERT INTO `player_hands` VALUES (4048,12,3,10,3,0,10,6807372525);
INSERT INTO `player_hands` VALUES (4070,11,2,6,2,2,10,6807372525);
INSERT INTO `player_hands` VALUES (4048,13,1,7,1,5,10,6807422742);
INSERT INTO `player_hands` VALUES (4070,13,2,9,2,7,10,6807422742);
INSERT INTO `player_hands` VALUES (4063,11,1,8,2,2,10,6807422742);
INSERT INTO `player_hands` VALUES (4070,2,2,2,1,3,10,6807456308);
INSERT INTO `player_hands` VALUES (4073,13,2,9,3,6,10,6807456308);
INSERT INTO `player_hands` VALUES (4063,11,3,9,0,8,10,6807456308);
INSERT INTO `player_hands` VALUES (4062,12,0,10,0,5,9,6807506784);
INSERT INTO `player_hands` VALUES (4075,12,1,11,2,4,9,6807506784);
INSERT INTO `player_hands` VALUES (4074,10,2,6,1,6,10,6807517256);
INSERT INTO `player_hands` VALUES (4070,12,2,5,2,7,10,6807517256);
INSERT INTO `player_hands` VALUES (4062,13,2,10,2,2,9,6807537822);
INSERT INTO `player_hands` VALUES (4063,12,0,12,2,0,9,6807537822);
INSERT INTO `player_hands` VALUES (4048,13,2,8,2,1,9,6807556382);
INSERT INTO `player_hands` VALUES (4075,13,3,10,0,8,9,6807556382);
INSERT INTO `player_hands` VALUES (4070,13,3,10,0,2,9,6807564722);
INSERT INTO `player_hands` VALUES (4077,13,2,9,3,4,9,6807564722);
INSERT INTO `player_hands` VALUES (4078,6,3,3,3,2,10,6807597305);
INSERT INTO `player_hands` VALUES (4075,7,3,7,1,5,10,6807597305);
INSERT INTO `player_hands` VALUES (4074,11,3,8,0,6,10,6807616160);
INSERT INTO `player_hands` VALUES (4070,13,1,11,0,7,10,6807616160);
INSERT INTO `player_hands` VALUES (4063,12,3,11,2,1,10,6807627484);
INSERT INTO `player_hands` VALUES (4075,12,0,9,1,2,10,6807627484);
INSERT INTO `player_hands` VALUES (4062,12,1,8,0,2,10,6807637848);
INSERT INTO `player_hands` VALUES (4070,4,1,4,2,5,10,6807637848);
INSERT INTO `player_hands` VALUES (4075,11,1,10,2,1,10,6807637848);
INSERT INTO `player_hands` VALUES (4048,13,1,7,2,2,10,6807646761);
INSERT INTO `player_hands` VALUES (4074,6,1,6,2,3,10,6807646761);
INSERT INTO `player_hands` VALUES (4070,13,0,7,1,4,10,6807646761);
INSERT INTO `player_hands` VALUES (4074,6,2,1,3,2,10,6807665498);
INSERT INTO `player_hands` VALUES (4070,9,2,8,1,3,10,6807665498);
INSERT INTO `player_hands` VALUES (4074,5,1,5,2,6,10,6807714982);
INSERT INTO `player_hands` VALUES (4063,13,1,4,0,2,10,6807714982);
INSERT INTO `player_hands` VALUES (4063,11,1,2,1,1,10,6807725175);
INSERT INTO `player_hands` VALUES (4075,13,1,13,2,2,10,6807725175);
INSERT INTO `player_hands` VALUES (4070,9,3,2,3,5,10,6807733902);
INSERT INTO `player_hands` VALUES (4075,8,2,7,1,1,10,6807733902);
INSERT INTO `player_hands` VALUES (3835,13,2,9,1,8,10,6807744562);
INSERT INTO `player_hands` VALUES (4063,12,2,5,2,9,10,6807744562);
INSERT INTO `player_hands` VALUES (4048,13,0,10,3,1,10,6807755064);
INSERT INTO `player_hands` VALUES (4070,11,2,5,1,3,10,6807755064);
INSERT INTO `player_hands` VALUES (4076,13,3,10,0,4,10,6807755064);
INSERT INTO `player_hands` VALUES (4077,10,2,9,2,7,8,6807792612);
INSERT INTO `player_hands` VALUES (4063,8,1,2,1,2,8,6807792612);
INSERT INTO `player_hands` VALUES (4078,13,0,10,3,3,9,6807828410);
INSERT INTO `player_hands` VALUES (4063,10,2,8,2,5,9,6807828410);
INSERT INTO `player_hands` VALUES (4058,5,3,5,2,0,9,6807842828);
INSERT INTO `player_hands` VALUES (4063,13,1,9,1,4,9,6807842828);
INSERT INTO `player_hands` VALUES (4062,13,3,10,3,4,9,6807860854);
INSERT INTO `player_hands` VALUES (4048,11,1,10,1,5,9,6807860854);
INSERT INTO `player_hands` VALUES (4078,13,1,12,1,0,9,6807860854);
INSERT INTO `player_hands` VALUES (4074,6,0,6,1,5,9,6807872999);
INSERT INTO `player_hands` VALUES (4078,13,1,9,0,8,9,6807872999);
INSERT INTO `player_hands` VALUES (4063,12,2,12,1,1,9,6807872999);
INSERT INTO `player_hands` VALUES (4062,12,3,10,0,8,10,6807928159);
INSERT INTO `player_hands` VALUES (4075,10,1,9,1,7,10,6807928159);
INSERT INTO `player_hands` VALUES (4063,12,0,10,0,5,10,6807940956);
INSERT INTO `player_hands` VALUES (4075,5,3,5,1,6,10,6807940956);
INSERT INTO `player_hands` VALUES (4078,12,3,10,1,2,10,6807953874);
INSERT INTO `player_hands` VALUES (4063,6,1,4,1,4,10,6807953874);
INSERT INTO `player_hands` VALUES (4058,12,0,9,2,9,10,6807965828);
INSERT INTO `player_hands` VALUES (3835,8,3,7,1,2,10,6807965828);
INSERT INTO `player_hands` VALUES (4048,13,2,12,3,5,10,6807975170);
INSERT INTO `player_hands` VALUES (4063,9,2,8,2,2,10,6807975170);
INSERT INTO `player_hands` VALUES (4078,13,2,12,2,9,10,6807988355);
INSERT INTO `player_hands` VALUES (4075,11,3,8,3,2,10,6807988355);
INSERT INTO `player_hands` VALUES (4079,13,2,4,1,5,10,6807997172);
INSERT INTO `player_hands` VALUES (4075,10,3,9,0,1,10,6807997172);
INSERT INTO `player_hands` VALUES (4048,5,2,2,3,1,10,6808011128);
INSERT INTO `player_hands` VALUES (4058,13,2,12,2,4,10,6808011128);
INSERT INTO `player_hands` VALUES (4079,13,0,3,0,1,9,6808036574);
INSERT INTO `player_hands` VALUES (4077,7,1,6,3,2,9,6808036574);
INSERT INTO `player_hands` VALUES (4075,11,1,9,0,6,9,6808036574);
INSERT INTO `player_hands` VALUES (4079,10,3,7,3,7,10,6808057837);
INSERT INTO `player_hands` VALUES (4077,13,1,7,1,9,10,6808057837);
INSERT INTO `player_hands` VALUES (4079,4,2,3,2,5,10,6808073206);
INSERT INTO `player_hands` VALUES (4080,12,2,10,3,6,10,6808073206);
INSERT INTO `player_hands` VALUES (4062,13,3,10,3,7,10,6808106439);
INSERT INTO `player_hands` VALUES (4077,13,1,9,1,2,10,6808106439);
INSERT INTO `player_hands` VALUES (4062,10,3,8,3,5,10,6808123762);
INSERT INTO `player_hands` VALUES (4079,3,1,3,3,8,10,6808123762);
INSERT INTO `player_hands` VALUES (4079,5,1,5,0,7,10,6808134410);
INSERT INTO `player_hands` VALUES (4063,8,3,2,1,2,10,6808134410);
INSERT INTO `player_hands` VALUES (4079,10,3,9,1,6,10,6808143130);
INSERT INTO `player_hands` VALUES (4063,11,3,4,3,1,10,6808143130);
INSERT INTO `player_hands` VALUES (4075,6,1,5,0,2,10,6808143130);
INSERT INTO `player_hands` VALUES (4048,13,2,6,0,3,10,6808154797);
INSERT INTO `player_hands` VALUES (4075,3,0,2,1,1,10,6808154797);
INSERT INTO `player_hands` VALUES (4048,5,0,5,2,2,10,6808166302);
INSERT INTO `player_hands` VALUES (4079,13,3,9,3,4,10,6808166302);
INSERT INTO `player_hands` VALUES (4062,12,2,9,2,8,10,6808191016);
INSERT INTO `player_hands` VALUES (4080,13,1,10,2,2,10,6808191016);
INSERT INTO `player_hands` VALUES (4062,12,0,9,3,6,9,6808198907);
INSERT INTO `player_hands` VALUES (4078,12,2,10,1,2,9,6808198907);
INSERT INTO `player_hands` VALUES (4080,13,0,9,3,0,9,6808208612);
INSERT INTO `player_hands` VALUES (4075,11,3,9,0,4,9,6808208612);
INSERT INTO `player_hands` VALUES (4062,12,2,7,2,2,9,6808233640);
INSERT INTO `player_hands` VALUES (4081,12,0,11,0,4,9,6808233640);
INSERT INTO `player_hands` VALUES (4079,13,3,9,2,1,9,6808275899);
INSERT INTO `player_hands` VALUES (4080,9,3,7,2,2,9,6808275899);
INSERT INTO `player_hands` VALUES (4078,13,1,13,0,2,10,6808292429);
INSERT INTO `player_hands` VALUES (4063,8,3,8,0,4,10,6808292429);
INSERT INTO `player_hands` VALUES (4079,11,3,10,3,8,10,6808304763);
INSERT INTO `player_hands` VALUES (4078,12,0,11,0,1,10,6808304763);
INSERT INTO `player_hands` VALUES (4081,13,3,9,1,5,10,6808327338);
INSERT INTO `player_hands` VALUES (4078,11,3,11,0,9,10,6808327338);
INSERT INTO `player_hands` VALUES (4062,13,3,1,1,2,10,6808336280);
INSERT INTO `player_hands` VALUES (4063,10,1,10,2,0,10,6808336280);
INSERT INTO `player_hands` VALUES (4081,12,0,11,1,2,8,6808345429);
INSERT INTO `player_hands` VALUES (4075,12,2,10,2,0,8,6808345429);
INSERT INTO `player_hands` VALUES (4080,13,3,10,2,2,8,6808353515);
INSERT INTO `player_hands` VALUES (3835,13,0,10,3,5,8,6808353515);
INSERT INTO `player_hands` VALUES (4080,7,0,6,2,0,7,6808367237);
INSERT INTO `player_hands` VALUES (4078,8,3,6,3,1,7,6808367237);
INSERT INTO `player_hands` VALUES (3835,8,2,4,2,2,7,6808367237);
INSERT INTO `player_hands` VALUES (4075,12,1,11,3,4,7,6808367237);
INSERT INTO `player_hands` VALUES (4062,11,2,8,1,1,7,6808387416);
INSERT INTO `player_hands` VALUES (4081,13,3,9,3,2,7,6808387416);
INSERT INTO `player_hands` VALUES (4078,13,2,8,2,3,7,6808395223);
INSERT INTO `player_hands` VALUES (4063,12,0,9,1,5,7,6808395223);
INSERT INTO `player_hands` VALUES (4083,11,2,1,0,2,8,6808402781);
INSERT INTO `player_hands` VALUES (4078,13,2,9,2,3,8,6808402781);
INSERT INTO `player_hands` VALUES (4084,8,0,3,0,5,8,6808427453);
INSERT INTO `player_hands` VALUES (4075,11,3,3,2,2,8,6808427453);
INSERT INTO `player_hands` VALUES (4084,11,3,8,1,4,8,6808435034);
INSERT INTO `player_hands` VALUES (3835,13,0,9,1,7,8,6808435034);
INSERT INTO `player_hands` VALUES (4083,12,3,12,0,6,9,6808444597);
INSERT INTO `player_hands` VALUES (4063,13,0,10,0,8,9,6808444597);
INSERT INTO `player_hands` VALUES (4084,5,0,2,0,3,9,6808452767);
INSERT INTO `player_hands` VALUES (4063,9,0,8,0,7,9,6808452767);
INSERT INTO `player_hands` VALUES (4084,11,1,3,2,1,9,6808468702);
INSERT INTO `player_hands` VALUES (3835,13,3,11,2,4,9,6808468702);
INSERT INTO `player_hands` VALUES (4080,7,3,6,0,1,9,6808477228);
INSERT INTO `player_hands` VALUES (4063,8,0,5,0,4,9,6808477228);
INSERT INTO `player_hands` VALUES (4083,13,2,5,2,1,10,6808485679);
INSERT INTO `player_hands` VALUES (4078,6,1,6,0,2,10,6808485679);
INSERT INTO `player_hands` VALUES (4062,6,1,5,3,2,8,6808514504);
INSERT INTO `player_hands` VALUES (4075,13,0,11,0,1,8,6808514504);
INSERT INTO `player_hands` VALUES (4084,12,0,7,0,3,9,6808521508);
INSERT INTO `player_hands` VALUES (3835,13,2,12,1,7,9,6808521508);
INSERT INTO `player_hands` VALUES (4081,3,1,2,3,1,9,6808531257);
INSERT INTO `player_hands` VALUES (4063,12,3,11,0,7,9,6808531257);
INSERT INTO `player_hands` VALUES (4084,11,1,9,0,9,10,6808550986);
INSERT INTO `player_hands` VALUES (4075,8,2,8,0,5,10,6808550986);
INSERT INTO `player_hands` VALUES (4084,13,0,7,0,7,10,6808570762);
INSERT INTO `player_hands` VALUES (4083,13,3,12,1,9,10,6808570762);
INSERT INTO `player_hands` VALUES (4086,13,3,11,3,4,10,6808581570);
INSERT INTO `player_hands` VALUES (4084,13,2,12,0,6,10,6808581570);
INSERT INTO `player_hands` VALUES (4075,6,3,6,0,2,10,6808581570);
INSERT INTO `player_hands` VALUES (4080,12,1,11,2,5,9,6808591561);
INSERT INTO `player_hands` VALUES (3835,13,1,11,1,8,9,6808591561);
INSERT INTO `player_hands` VALUES (4080,9,2,8,1,2,10,6808626418);
INSERT INTO `player_hands` VALUES (4063,13,0,5,3,6,10,6808626418);
INSERT INTO `player_hands` VALUES (4062,11,2,10,1,7,10,6808635731);
INSERT INTO `player_hands` VALUES (4075,13,0,7,0,6,10,6808635731);
INSERT INTO `player_hands` VALUES (3835,13,0,11,1,9,10,6808682364);
INSERT INTO `player_hands` VALUES (4063,13,3,11,0,0,10,6808682364);
INSERT INTO `player_hands` VALUES (4081,13,1,12,1,3,10,6808695391);
INSERT INTO `player_hands` VALUES (4075,2,3,2,1,0,10,6808695391);
INSERT INTO `player_hands` VALUES (4081,13,0,8,0,0,10,6808716093);
INSERT INTO `player_hands` VALUES (4080,9,1,4,3,2,10,6808716093);
INSERT INTO `player_hands` VALUES (4062,13,1,13,2,7,10,6808723943);
INSERT INTO `player_hands` VALUES (4088,12,0,8,0,2,10,6808723943);
INSERT INTO `player_hands` VALUES (4078,1,1,1,2,3,10,6808723943);
INSERT INTO `player_hands` VALUES (4080,13,1,7,0,9,10,6808752504);
INSERT INTO `player_hands` VALUES (4063,13,3,10,2,3,10,6808752504);
INSERT INTO `player_hands` VALUES (4087,12,1,11,3,6,10,6808767599);
INSERT INTO `player_hands` VALUES (4080,8,3,8,2,7,10,6808767599);
INSERT INTO `player_hands` VALUES (4087,11,0,9,1,2,10,6808812906);
INSERT INTO `player_hands` VALUES (4063,13,2,10,0,7,10,6808812906);
INSERT INTO `player_hands` VALUES (4080,9,1,5,3,2,10,6808824591);
INSERT INTO `player_hands` VALUES (4063,13,3,8,1,6,10,6808824591);
INSERT INTO `player_hands` VALUES (4062,12,0,9,0,7,10,6808835991);
INSERT INTO `player_hands` VALUES (4080,9,3,9,2,1,10,6808835991);
INSERT INTO `player_hands` VALUES (4087,12,2,8,2,7,10,6808866375);
INSERT INTO `player_hands` VALUES (4063,11,1,9,3,2,10,6808866375);
INSERT INTO `player_hands` VALUES (4088,11,0,8,2,8,10,6808883890);
INSERT INTO `player_hands` VALUES (4075,10,1,3,2,2,10,6808883890);
INSERT INTO `player_hands` VALUES (4078,10,3,9,3,6,10,6808917022);
INSERT INTO `player_hands` VALUES (4063,13,3,6,2,8,10,6808917022);
INSERT INTO `player_hands` VALUES (4087,13,3,3,2,2,10,6808929684);
INSERT INTO `player_hands` VALUES (4089,7,2,7,3,3,10,6808929684);
INSERT INTO `player_hands` VALUES (4089,8,0,3,0,1,10,6808952078);
INSERT INTO `player_hands` VALUES (4075,12,1,9,2,6,10,6808952078);
INSERT INTO `player_hands` VALUES (4089,11,0,9,2,8,9,6808970972);
INSERT INTO `player_hands` VALUES (4063,12,3,2,1,2,9,6808970972);
INSERT INTO `player_hands` VALUES (4062,10,1,9,3,2,10,6808992936);
INSERT INTO `player_hands` VALUES (4088,11,3,8,0,7,10,6808992936);
INSERT INTO `player_hands` VALUES (4075,13,0,2,3,1,10,6808992936);
INSERT INTO `player_hands` VALUES (4088,13,3,13,1,4,9,6809020059);
INSERT INTO `player_hands` VALUES (4075,12,0,11,2,8,9,6809020059);
INSERT INTO `player_hands` VALUES (4062,9,1,8,1,6,9,6809053093);
INSERT INTO `player_hands` VALUES (4088,13,1,11,0,1,9,6809053093);
INSERT INTO `player_hands` VALUES (4089,13,0,11,1,8,9,6809063711);
INSERT INTO `player_hands` VALUES (4085,7,0,5,0,1,9,6809063711);
INSERT INTO `player_hands` VALUES (4089,13,3,6,3,6,8,6809075157);
INSERT INTO `player_hands` VALUES (4075,13,1,4,3,2,8,6809075157);
INSERT INTO `player_hands` VALUES (4087,8,2,8,1,3,7,6809088219);
INSERT INTO `player_hands` VALUES (4075,13,0,7,0,0,7,6809088219);
INSERT INTO `player_hands` VALUES (4087,11,2,11,0,6,8,6809128963);
INSERT INTO `player_hands` VALUES (4089,13,2,11,3,7,8,6809128963);
INSERT INTO `player_hands` VALUES (4088,12,3,7,1,7,9,6809145299);
INSERT INTO `player_hands` VALUES (4075,10,3,10,1,2,9,6809145299);
INSERT INTO `player_hands` VALUES (4062,12,0,7,3,2,9,6809237777);
INSERT INTO `player_hands` VALUES (4088,10,2,9,3,6,9,6809237777);
INSERT INTO `player_hands` VALUES (4062,12,0,7,0,7,8,6809271668);
INSERT INTO `player_hands` VALUES (4081,13,0,11,0,0,8,6809271668);
INSERT INTO `player_hands` VALUES (4091,5,3,3,1,5,8,6809296107);
INSERT INTO `player_hands` VALUES (4088,12,1,6,1,6,8,6809296107);
INSERT INTO `player_hands` VALUES (4062,12,0,6,3,2,8,6809304337);
INSERT INTO `player_hands` VALUES (3835,12,1,5,1,7,8,6809304337);
INSERT INTO `player_hands` VALUES (4088,12,2,11,3,2,8,6809326539);
INSERT INTO `player_hands` VALUES (4085,11,0,10,0,3,8,6809326539);
INSERT INTO `player_hands` VALUES (4062,9,2,5,2,1,9,6809386828);
INSERT INTO `player_hands` VALUES (4075,13,0,13,1,0,9,6809386828);
INSERT INTO `player_hands` VALUES (4092,13,1,10,1,0,10,6809412821);
INSERT INTO `player_hands` VALUES (4088,13,2,2,2,4,10,6809412821);
INSERT INTO `player_hands` VALUES (4093,10,0,9,3,1,10,6809426603);
INSERT INTO `player_hands` VALUES (4091,11,2,7,2,2,10,6809426603);
INSERT INTO `player_hands` VALUES (4081,6,3,6,0,8,10,6809445425);
INSERT INTO `player_hands` VALUES (4085,13,3,11,3,2,10,6809445425);
INSERT INTO `player_hands` VALUES (4093,11,3,10,1,4,10,6809496153);
INSERT INTO `player_hands` VALUES (4075,12,1,10,0,0,10,6809496153);
INSERT INTO `player_hands` VALUES (4093,11,1,9,1,1,9,6809521366);
INSERT INTO `player_hands` VALUES (4091,13,3,5,2,2,9,6809521366);
INSERT INTO `player_hands` VALUES (4085,7,1,7,0,1,8,6809541818);
INSERT INTO `player_hands` VALUES (4090,9,2,3,2,3,8,6809541818);
INSERT INTO `player_hands` VALUES (4090,10,1,1,1,1,8,6809563439);
INSERT INTO `player_hands` VALUES (4075,12,2,9,1,2,8,6809563439);
INSERT INTO `player_hands` VALUES (4062,12,3,10,2,1,7,6809569715);
INSERT INTO `player_hands` VALUES (4092,4,0,3,1,2,7,6809569715);
INSERT INTO `player_hands` VALUES (4091,13,1,2,1,4,7,6809569715);
INSERT INTO `player_hands` VALUES (3835,12,1,11,1,6,7,6809569715);
INSERT INTO `player_hands` VALUES (4092,9,1,2,1,1,9,6809585687);
INSERT INTO `player_hands` VALUES (4094,12,3,8,0,2,9,6809585687);
INSERT INTO `player_hands` VALUES (4093,13,0,5,0,1,9,6809603313);
INSERT INTO `player_hands` VALUES (4091,13,2,12,1,2,9,6809603313);
INSERT INTO `player_hands` VALUES (4085,11,1,3,2,2,9,6809807714);
INSERT INTO `player_hands` VALUES (4095,13,3,6,3,4,9,6809807714);
INSERT INTO `player_hands` VALUES (4093,13,1,12,0,6,9,6809838346);
INSERT INTO `player_hands` VALUES (4098,13,2,5,3,7,9,6809838346);
INSERT INTO `player_hands` VALUES (4093,11,0,8,3,2,9,6809864139);
INSERT INTO `player_hands` VALUES (4096,13,1,11,2,4,9,6809864139);
INSERT INTO `player_hands` VALUES (4062,12,3,10,3,4,9,6809905953);
INSERT INTO `player_hands` VALUES (4094,11,3,3,3,6,9,6809905953);
INSERT INTO `player_hands` VALUES (4094,13,3,9,1,4,9,6809927032);
INSERT INTO `player_hands` VALUES (3835,13,0,13,1,8,9,6809927032);
INSERT INTO `player_hands` VALUES (4097,13,1,3,1,0,10,6809954488);
INSERT INTO `player_hands` VALUES (4099,13,0,13,3,7,10,6809954488);
INSERT INTO `player_hands` VALUES (4085,12,3,11,0,9,10,6810007813);
INSERT INTO `player_hands` VALUES (4099,13,0,8,0,1,10,6810007813);
INSERT INTO `player_hands` VALUES (4094,10,2,6,3,2,9,6810022157);
INSERT INTO `player_hands` VALUES (4098,8,1,8,3,4,9,6810022157);
INSERT INTO `player_hands` VALUES (4094,8,2,5,2,1,9,6810032410);
INSERT INTO `player_hands` VALUES (4093,13,2,2,3,2,9,6810032410);
INSERT INTO `player_hands` VALUES (4093,8,3,8,0,1,9,6810042392);
INSERT INTO `player_hands` VALUES (4098,10,3,7,1,2,9,6810042392);
INSERT INTO `player_hands` VALUES (4096,8,0,3,1,2,9,6810051682);
INSERT INTO `player_hands` VALUES (4075,12,0,9,1,5,9,6810051682);
INSERT INTO `player_hands` VALUES (4062,13,2,10,1,5,9,6810061814);
INSERT INTO `player_hands` VALUES (4094,10,3,2,3,7,9,6810061814);
INSERT INTO `player_hands` VALUES (4098,9,2,3,2,0,9,6810061814);
INSERT INTO `player_hands` VALUES (4097,9,3,1,3,4,8,6810085405);
INSERT INTO `player_hands` VALUES (4098,13,3,13,1,6,8,6810085405);
INSERT INTO `player_hands` VALUES (4062,13,1,11,1,2,9,6810097097);
INSERT INTO `player_hands` VALUES (4075,10,0,8,3,1,9,6810097097);
INSERT INTO `player_hands` VALUES (4097,5,0,4,3,2,9,6810104017);
INSERT INTO `player_hands` VALUES (4075,13,0,9,2,0,9,6810104017);
INSERT INTO `player_hands` VALUES (4094,11,1,1,1,2,9,6810113971);
INSERT INTO `player_hands` VALUES (4093,11,2,9,0,3,9,6810113971);
INSERT INTO `player_hands` VALUES (4093,12,0,11,1,2,9,6810123068);
INSERT INTO `player_hands` VALUES (4098,7,0,1,0,3,9,6810123068);
INSERT INTO `player_hands` VALUES (4085,6,3,5,3,5,9,6810123068);
INSERT INTO `player_hands` VALUES (4093,12,2,9,0,1,9,6810134529);
INSERT INTO `player_hands` VALUES (4098,11,3,4,2,2,9,6810134529);
INSERT INTO `player_hands` VALUES (4100,11,1,1,1,6,9,6810155205);
INSERT INTO `player_hands` VALUES (4098,12,0,7,0,0,9,6810155205);
INSERT INTO `player_hands` VALUES (4098,12,3,4,3,7,8,6810163569);
INSERT INTO `player_hands` VALUES (4075,9,2,9,0,3,8,6810163569);
INSERT INTO `player_hands` VALUES (4094,12,0,10,2,3,8,6810189576);
INSERT INTO `player_hands` VALUES (3835,13,3,12,3,7,8,6810189576);
INSERT INTO `player_hands` VALUES (4094,13,2,9,1,0,8,6810206922);
INSERT INTO `player_hands` VALUES (4098,13,0,10,0,2,8,6810206922);
INSERT INTO `player_hands` VALUES (4062,9,0,9,3,5,9,6810222131);
INSERT INTO `player_hands` VALUES (4093,13,1,10,0,8,9,6810222131);
INSERT INTO `player_hands` VALUES (4093,12,2,11,2,6,9,6810236013);
INSERT INTO `player_hands` VALUES (4085,13,1,12,0,0,9,6810236013);
INSERT INTO `player_hands` VALUES (4101,13,3,11,2,1,9,6810257160);
INSERT INTO `player_hands` VALUES (4094,12,0,1,1,2,9,6810257160);
INSERT INTO `player_hands` VALUES (4098,13,2,5,0,2,9,6810271976);
INSERT INTO `player_hands` VALUES (3835,9,1,9,2,5,9,6810271976);
INSERT INTO `player_hands` VALUES (4094,12,0,11,0,8,9,6810278460);
INSERT INTO `player_hands` VALUES (4098,8,2,8,1,1,9,6810278460);
INSERT INTO `player_hands` VALUES (4088,13,0,9,3,2,9,6810278460);
INSERT INTO `player_hands` VALUES (4094,13,1,7,3,6,9,6810299939);
INSERT INTO `player_hands` VALUES (4085,13,2,12,3,1,9,6810299939);
INSERT INTO `player_hands` VALUES (4098,13,2,7,2,6,9,6810318711);
INSERT INTO `player_hands` VALUES (4085,8,3,7,3,8,9,6810318711);
INSERT INTO `player_hands` VALUES (4102,13,2,13,3,3,9,6810328696);
INSERT INTO `player_hands` VALUES (4085,11,1,8,1,7,9,6810328696);
INSERT INTO `player_hands` VALUES (4102,11,2,9,0,2,9,6810336449);
INSERT INTO `player_hands` VALUES (4075,13,1,10,1,8,9,6810336449);
INSERT INTO `player_hands` VALUES (4098,13,2,8,2,2,10,6810353783);
INSERT INTO `player_hands` VALUES (4094,13,0,10,2,6,10,6810353783);
INSERT INTO `player_hands` VALUES (4062,13,0,10,1,7,10,6810365384);
INSERT INTO `player_hands` VALUES (4098,12,3,2,3,1,10,6810365384);
INSERT INTO `player_hands` VALUES (4098,13,0,7,2,8,10,6810382963);
INSERT INTO `player_hands` VALUES (4094,8,3,5,0,2,10,6810382963);
INSERT INTO `player_hands` VALUES (4102,12,0,10,3,4,10,6810394638);
INSERT INTO `player_hands` VALUES (4098,10,0,9,3,6,10,6810394638);
INSERT INTO `player_hands` VALUES (4098,6,3,5,1,3,10,6810412893);
INSERT INTO `player_hands` VALUES (4094,12,3,11,2,7,10,6810412893);
INSERT INTO `player_hands` VALUES (4098,3,1,1,3,2,10,6810420484);
INSERT INTO `player_hands` VALUES (4085,13,0,9,2,4,10,6810420484);
INSERT INTO `player_hands` VALUES (4062,7,1,7,2,7,10,6810428732);
INSERT INTO `player_hands` VALUES (4101,6,2,6,0,8,10,6810428732);
INSERT INTO `player_hands` VALUES (4098,12,1,9,2,1,10,6810428732);
INSERT INTO `player_hands` VALUES (4062,11,2,8,2,6,10,6810443599);
INSERT INTO `player_hands` VALUES (4098,13,1,3,1,0,10,6810443599);
INSERT INTO `player_hands` VALUES (4098,13,3,1,3,9,10,6810456027);
INSERT INTO `player_hands` VALUES (4094,13,1,6,0,3,10,6810456027);
INSERT INTO `player_hands` VALUES (4101,12,1,11,3,3,10,6810487185);
INSERT INTO `player_hands` VALUES (4094,13,1,7,0,0,10,6810487185);
INSERT INTO `player_hands` VALUES (4093,10,3,8,2,3,10,6810504581);
INSERT INTO `player_hands` VALUES (4098,7,1,1,1,4,10,6810504581);
INSERT INTO `player_hands` VALUES (4085,11,0,9,3,6,10,6810504581);
INSERT INTO `player_hands` VALUES (4093,13,1,13,2,1,10,6810518013);
INSERT INTO `player_hands` VALUES (4085,12,2,5,2,4,10,6810518013);
INSERT INTO `player_hands` VALUES (4094,9,1,9,2,6,10,6810518013);
INSERT INTO `player_hands` VALUES (4085,8,3,2,3,2,9,6810530531);
INSERT INTO `player_hands` VALUES (4094,7,3,6,1,4,9,6810530531);
INSERT INTO `player_hands` VALUES (4085,11,1,10,0,1,10,6810539098);
INSERT INTO `player_hands` VALUES (4094,10,2,3,2,3,10,6810539098);
INSERT INTO `player_hands` VALUES (4103,13,0,9,2,4,10,6810569149);
INSERT INTO `player_hands` VALUES (4075,10,3,9,1,1,10,6810569149);
INSERT INTO `player_hands` VALUES (4098,5,0,4,0,4,10,6810589032);
INSERT INTO `player_hands` VALUES (4085,13,2,11,3,6,10,6810589032);
INSERT INTO `player_hands` VALUES (4062,13,3,12,3,7,9,6810620761);
INSERT INTO `player_hands` VALUES (4104,12,1,9,2,0,9,6810620761);
INSERT INTO `player_hands` VALUES (4105,9,1,7,0,8,10,6810632613);
INSERT INTO `player_hands` VALUES (4098,3,0,3,3,0,10,6810632613);
INSERT INTO `player_hands` VALUES (4105,10,1,10,0,4,10,6810659915);
INSERT INTO `player_hands` VALUES (4088,10,3,8,3,7,10,6810659915);
INSERT INTO `player_hands` VALUES (4098,6,0,5,3,5,10,6810668964);
INSERT INTO `player_hands` VALUES (4088,13,3,13,1,6,10,6810668964);
INSERT INTO `player_hands` VALUES (4085,12,2,5,2,7,10,6810668964);
INSERT INTO `player_hands` VALUES (4105,12,2,12,3,1,10,6810689250);
INSERT INTO `player_hands` VALUES (4104,12,0,11,2,2,10,6810689250);
INSERT INTO `player_hands` VALUES (4101,13,3,10,3,9,10,6810703474);
INSERT INTO `player_hands` VALUES (4094,12,1,10,2,6,10,6810703474);
INSERT INTO `player_hands` VALUES (4098,12,1,9,2,1,10,6810714517);
INSERT INTO `player_hands` VALUES (4094,10,2,6,2,5,10,6810714517);
INSERT INTO `player_hands` VALUES (4085,11,1,3,1,2,10,6810722246);
INSERT INTO `player_hands` VALUES (4094,10,1,5,1,4,10,6810722246);
INSERT INTO `player_hands` VALUES (4085,13,3,9,0,0,9,6810737896);
INSERT INTO `player_hands` VALUES (4075,2,3,2,1,3,9,6810737896);
INSERT INTO `player_hands` VALUES (4062,10,3,10,2,3,10,6810746658);
INSERT INTO `player_hands` VALUES (4075,12,1,9,0,2,10,6810746658);
INSERT INTO `player_hands` VALUES (4062,13,3,5,2,1,10,6810759104);
INSERT INTO `player_hands` VALUES (4101,5,3,5,1,2,10,6810759104);
INSERT INTO `player_hands` VALUES (4101,9,0,8,3,1,10,6810766637);
INSERT INTO `player_hands` VALUES (4085,11,1,10,0,6,10,6810766637);
INSERT INTO `player_hands` VALUES (4088,12,3,5,2,8,9,6810804929);
INSERT INTO `player_hands` VALUES (4094,12,2,1,1,2,9,6810804929);
INSERT INTO `player_hands` VALUES (4106,13,0,3,3,7,8,6810851696);
INSERT INTO `player_hands` VALUES (4094,12,0,12,1,2,8,6810851696);
INSERT INTO `player_hands` VALUES (4098,12,2,4,3,6,9,6810856265);
INSERT INTO `player_hands` VALUES (3835,12,1,10,2,0,9,6810856265);
INSERT INTO `player_hands` VALUES (4098,7,3,7,0,4,9,6810877277);
INSERT INTO `player_hands` VALUES (4094,10,3,9,0,8,9,6810877277);
INSERT INTO `player_hands` VALUES (4105,10,0,10,3,0,9,6810892883);
INSERT INTO `player_hands` VALUES (4098,8,0,5,0,2,9,6810892883);
INSERT INTO `player_hands` VALUES (3835,11,1,7,3,2,9,6810911017);
INSERT INTO `player_hands` VALUES (4075,13,2,9,3,4,9,6810911017);
INSERT INTO `player_hands` VALUES (4106,12,1,11,2,7,9,6810921436);
INSERT INTO `player_hands` VALUES (4094,10,0,1,2,1,9,6810921436);
INSERT INTO `player_hands` VALUES (4109,13,1,8,1,2,10,6810928542);
INSERT INTO `player_hands` VALUES (4098,10,2,9,2,6,10,6810928542);
INSERT INTO `player_hands` VALUES (4108,6,3,4,3,1,10,6810941970);
INSERT INTO `player_hands` VALUES (4107,13,3,10,0,3,10,6810941970);
INSERT INTO `player_hands` VALUES (4107,13,2,9,1,1,10,6810963340);
INSERT INTO `player_hands` VALUES (4098,13,0,12,3,2,10,6810963340);
INSERT INTO `player_hands` VALUES (4109,6,0,6,3,7,10,6810972228);
INSERT INTO `player_hands` VALUES (4107,13,3,10,0,0,10,6810972228);
INSERT INTO `player_hands` VALUES (4085,7,3,7,0,3,10,6810972228);
INSERT INTO `player_hands` VALUES (4094,13,2,3,3,5,10,6810972228);
INSERT INTO `player_hands` VALUES (4107,10,0,9,3,8,9,6810979460);
INSERT INTO `player_hands` VALUES (4094,13,3,6,1,3,9,6810979460);
INSERT INTO `player_hands` VALUES (4098,8,1,5,1,8,9,6810985204);
INSERT INTO `player_hands` VALUES (4106,11,1,10,1,0,9,6810985204);
INSERT INTO `player_hands` VALUES (4098,10,2,8,1,7,9,6810995828);
INSERT INTO `player_hands` VALUES (4094,12,2,11,1,1,9,6810995828);
INSERT INTO `player_hands` VALUES (4109,13,1,12,2,1,9,6811010084);
INSERT INTO `player_hands` VALUES (4108,3,0,2,2,2,9,6811010084);
INSERT INTO `player_hands` VALUES (4109,7,1,7,2,0,9,6811017320);
INSERT INTO `player_hands` VALUES (4108,11,3,1,3,1,9,6811017320);
INSERT INTO `player_hands` VALUES (4107,13,2,5,3,1,9,6811028789);
INSERT INTO `player_hands` VALUES (4098,12,0,3,3,2,9,6811028789);
INSERT INTO `player_hands` VALUES (4107,11,1,9,3,7,9,6811051420);
INSERT INTO `player_hands` VALUES (4106,13,3,12,2,0,9,6811051420);
INSERT INTO `player_hands` VALUES (4075,13,1,10,2,4,9,6811051420);
INSERT INTO `player_hands` VALUES (4109,13,3,11,1,3,9,6811066096);
INSERT INTO `player_hands` VALUES (4108,11,2,4,2,4,9,6811066096);
INSERT INTO `player_hands` VALUES (4098,13,1,7,2,6,9,6811066096);
INSERT INTO `player_hands` VALUES (4075,13,0,10,0,2,9,6811066096);
INSERT INTO `player_hands` VALUES (3835,9,3,9,2,5,8,6811085356);
INSERT INTO `player_hands` VALUES (4094,12,1,11,1,6,8,6811085356);
INSERT INTO `player_hands` VALUES (4098,8,1,4,1,1,8,6811091611);
INSERT INTO `player_hands` VALUES (4106,5,3,3,3,2,8,6811091611);
INSERT INTO `player_hands` VALUES (4098,10,3,2,3,0,8,6811099911);
INSERT INTO `player_hands` VALUES (4096,13,0,1,0,2,8,6811099911);
INSERT INTO `player_hands` VALUES (4108,11,1,6,1,5,8,6811106277);
INSERT INTO `player_hands` VALUES (3835,12,3,10,3,2,8,6811106277);
INSERT INTO `player_hands` VALUES (4109,13,3,10,3,9,10,6811139928);
INSERT INTO `player_hands` VALUES (4098,12,3,10,2,3,10,6811139928);
INSERT INTO `player_hands` VALUES (4098,11,3,11,1,8,10,6811177340);
INSERT INTO `player_hands` VALUES (4096,6,3,6,0,0,10,6811177340);
INSERT INTO `player_hands` VALUES (4108,13,2,11,1,2,9,6811189322);
INSERT INTO `player_hands` VALUES (4098,13,3,12,3,5,9,6811189322);
INSERT INTO `player_hands` VALUES (4112,13,2,12,3,7,9,6811207673);
INSERT INTO `player_hands` VALUES (4098,12,1,10,2,1,9,6811207673);
INSERT INTO `player_hands` VALUES (4108,12,3,2,3,7,9,6811214617);
INSERT INTO `player_hands` VALUES (4111,13,1,12,2,8,9,6811214617);
INSERT INTO `player_hands` VALUES (3835,12,1,10,1,3,9,6811214617);
INSERT INTO `player_hands` VALUES (4094,9,3,6,1,2,9,6811233038);
INSERT INTO `player_hands` VALUES (4110,13,0,9,1,3,9,6811233038);
INSERT INTO `player_hands` VALUES (4112,6,3,3,3,1,7,6811243837);
INSERT INTO `player_hands` VALUES (4094,3,0,2,0,0,7,6811243837);
INSERT INTO `player_hands` VALUES (4098,11,2,8,0,2,10,6811256589);
INSERT INTO `player_hands` VALUES (4094,10,2,4,2,6,10,6811256589);
INSERT INTO `player_hands` VALUES (4114,13,3,7,0,8,10,6811262665);
INSERT INTO `player_hands` VALUES (4098,11,3,6,1,1,10,6811262665);
INSERT INTO `player_hands` VALUES (4113,10,3,9,0,8,10,6811272236);
INSERT INTO `player_hands` VALUES (4098,11,1,8,2,0,10,6811272236);
INSERT INTO `player_hands` VALUES (4114,7,3,7,2,5,10,6811283363);
INSERT INTO `player_hands` VALUES (4094,13,0,12,2,2,10,6811283363);
INSERT INTO `player_hands` VALUES (4115,7,1,6,1,3,10,6811283363);
INSERT INTO `player_hands` VALUES (4098,12,0,6,0,7,10,6811292723);
INSERT INTO `player_hands` VALUES (4094,10,1,8,1,1,10,6811292723);
INSERT INTO `player_hands` VALUES (4098,13,2,4,3,6,10,6811300450);
INSERT INTO `player_hands` VALUES (4094,10,2,5,2,0,10,6811300450);
INSERT INTO `player_hands` VALUES (4098,13,1,10,1,3,10,6811317298);
INSERT INTO `player_hands` VALUES (4096,13,3,11,1,5,10,6811317298);
INSERT INTO `player_hands` VALUES (4114,11,1,4,1,9,10,6811325043);
INSERT INTO `player_hands` VALUES (4111,10,3,7,3,1,10,6811325043);
INSERT INTO `player_hands` VALUES (4098,12,2,4,3,2,10,6811325043);
INSERT INTO `player_hands` VALUES (4106,9,1,8,1,2,10,6811335302);
INSERT INTO `player_hands` VALUES (3835,11,3,11,0,4,10,6811335302);
INSERT INTO `player_hands` VALUES (4114,3,2,3,0,6,8,6811348980);
INSERT INTO `player_hands` VALUES (4106,5,0,5,2,0,8,6811348980);
INSERT INTO `player_hands` VALUES (4112,8,0,7,2,3,8,6811361760);
INSERT INTO `player_hands` VALUES (4115,12,1,5,1,2,8,6811361760);
INSERT INTO `player_hands` VALUES (4112,13,2,10,0,7,10,6811398935);
INSERT INTO `player_hands` VALUES (4106,10,1,9,2,2,10,6811398935);
INSERT INTO `player_hands` VALUES (4094,11,1,8,2,5,10,6811398935);
INSERT INTO `player_hands` VALUES (4123,13,2,10,3,5,9,6846627826);
INSERT INTO `player_hands` VALUES (4124,12,2,7,1,7,9,6846627826);
INSERT INTO `player_hands` VALUES (4123,11,3,7,2,4,9,6846639970);
INSERT INTO `player_hands` VALUES (3835,13,0,10,3,5,9,6846639970);
INSERT INTO `player_hands` VALUES (4120,8,0,8,3,0,9,6846652309);
INSERT INTO `player_hands` VALUES (4121,9,3,9,2,1,9,6846652309);
INSERT INTO `player_hands` VALUES (4123,13,3,6,0,3,9,6846652309);
INSERT INTO `player_hands` VALUES (4118,13,3,13,2,5,9,6846669520);
INSERT INTO `player_hands` VALUES (4119,11,1,5,1,7,9,6846669520);
INSERT INTO `player_hands` VALUES (4123,13,0,11,0,2,9,6846669520);
INSERT INTO `player_hands` VALUES (4121,13,0,11,3,8,10,6846701073);
INSERT INTO `player_hands` VALUES (4124,2,3,1,1,3,10,6846701073);
INSERT INTO `player_hands` VALUES (4127,13,3,11,2,5,10,6846715056);
INSERT INTO `player_hands` VALUES (4126,12,0,11,1,0,10,6846715056);
INSERT INTO `player_hands` VALUES (4127,9,0,8,0,3,9,6846749604);
INSERT INTO `player_hands` VALUES (4124,7,3,2,3,0,9,6846749604);
INSERT INTO `player_hands` VALUES (4118,13,3,12,2,8,10,6846792049);
INSERT INTO `player_hands` VALUES (4123,11,3,9,3,4,10,6846792049);
INSERT INTO `player_hands` VALUES (3835,12,1,10,1,6,10,6846792049);
INSERT INTO `player_hands` VALUES (4120,11,3,7,3,9,10,6846820738);
INSERT INTO `player_hands` VALUES (4125,3,2,3,1,1,10,6846820738);
INSERT INTO `player_hands` VALUES (4077,5,3,4,3,4,9,6846850224);
INSERT INTO `player_hands` VALUES (4123,13,1,3,0,0,9,6846850224);
INSERT INTO `player_hands` VALUES (4126,11,2,10,0,1,9,6846850224);
INSERT INTO `player_hands` VALUES (3835,7,1,4,0,2,9,6846850224);
INSERT INTO `player_hands` VALUES (4131,13,2,12,1,9,10,6846899274);
INSERT INTO `player_hands` VALUES (4126,11,1,1,1,6,10,6846899274);
INSERT INTO `player_hands` VALUES (4123,11,2,9,0,1,10,6846958213);
INSERT INTO `player_hands` VALUES (4126,13,1,10,3,2,10,6846958213);
INSERT INTO `player_hands` VALUES (4130,11,1,10,0,7,10,6846973263);
INSERT INTO `player_hands` VALUES (4126,11,2,8,3,1,10,6846973263);
INSERT INTO `player_hands` VALUES (4077,6,3,6,2,4,10,6846988591);
INSERT INTO `player_hands` VALUES (4128,12,3,11,2,2,10,6846988591);
INSERT INTO `player_hands` VALUES (4125,13,2,10,1,7,10,6847003716);
INSERT INTO `player_hands` VALUES (3835,13,0,11,0,0,10,6847003716);
INSERT INTO `player_hands` VALUES (4127,10,1,5,2,2,10,6847026032);
INSERT INTO `player_hands` VALUES (4130,10,0,9,3,3,10,6847026032);
INSERT INTO `player_hands` VALUES (4123,5,3,1,3,6,10,6847026032);
INSERT INTO `player_hands` VALUES (4126,12,1,6,1,7,10,6847026032);
INSERT INTO `player_hands` VALUES (4077,12,3,9,2,0,10,6847041986);
INSERT INTO `player_hands` VALUES (4128,7,1,4,1,8,10,6847041986);
INSERT INTO `player_hands` VALUES (4127,13,2,7,2,0,10,6847063245);
INSERT INTO `player_hands` VALUES (4130,13,0,8,1,1,10,6847063245);
INSERT INTO `player_hands` VALUES (4127,13,1,7,1,9,10,6847078825);
INSERT INTO `player_hands` VALUES (4129,13,3,8,3,1,10,6847078825);
INSERT INTO `player_hands` VALUES (4126,13,0,13,2,1,10,6847121114);
INSERT INTO `player_hands` VALUES (4128,12,0,12,3,3,10,6847121114);
INSERT INTO `player_hands` VALUES (4130,12,1,9,1,5,10,6847148258);
INSERT INTO `player_hands` VALUES (4128,9,3,8,0,1,10,6847148258);
INSERT INTO `player_hands` VALUES (4066,13,3,4,3,7,9,6847206717);
INSERT INTO `player_hands` VALUES (4129,10,0,10,3,8,9,6847206717);
INSERT INTO `player_hands` VALUES (4131,13,2,12,1,4,10,6847228658);
INSERT INTO `player_hands` VALUES (4123,12,2,4,2,0,10,6847228658);
INSERT INTO `player_hands` VALUES (4128,13,1,9,0,3,10,6847228658);
INSERT INTO `player_hands` VALUES (4132,12,3,3,3,1,10,6847282929);
INSERT INTO `player_hands` VALUES (4133,10,0,4,3,2,10,6847282929);
INSERT INTO `player_hands` VALUES (4123,11,0,2,3,6,10,6847282929);
INSERT INTO `player_hands` VALUES (4131,3,1,2,1,9,10,6847304887);
INSERT INTO `player_hands` VALUES (4133,12,3,2,3,1,10,6847304887);
INSERT INTO `player_hands` VALUES (4133,12,2,10,3,0,10,6847319256);
INSERT INTO `player_hands` VALUES (4125,9,0,9,3,3,10,6847319256);
INSERT INTO `player_hands` VALUES (4123,11,2,11,0,4,10,6847319256);
INSERT INTO `player_hands` VALUES (4134,9,3,9,0,0,10,6847339567);
INSERT INTO `player_hands` VALUES (4126,10,2,10,0,4,10,6847339567);
INSERT INTO `player_hands` VALUES (4129,11,1,10,1,0,10,6847361015);
INSERT INTO `player_hands` VALUES (4125,12,2,11,0,1,10,6847361015);
INSERT INTO `player_hands` VALUES (4132,13,0,12,1,4,10,6847408734);
INSERT INTO `player_hands` VALUES (4123,12,0,10,1,9,10,6847408734);
INSERT INTO `player_hands` VALUES (4135,6,0,5,1,8,9,6847451596);
INSERT INTO `player_hands` VALUES (4125,8,1,7,1,4,9,6847451596);
INSERT INTO `player_hands` VALUES (4125,10,0,3,3,2,10,6847483766);
INSERT INTO `player_hands` VALUES (4128,4,2,4,3,6,10,6847483766);
INSERT INTO `player_hands` VALUES (4135,13,2,4,2,5,10,6847518724);
INSERT INTO `player_hands` VALUES (4123,12,1,7,0,1,10,6847518724);
INSERT INTO `player_hands` VALUES (4126,13,0,6,3,2,10,6847518724);
INSERT INTO `player_hands` VALUES (4126,13,2,1,2,8,10,6847580586);
INSERT INTO `player_hands` VALUES (4136,12,1,11,1,0,10,6847580586);
INSERT INTO `player_hands` VALUES (4133,13,0,9,1,7,8,6847667447);
INSERT INTO `player_hands` VALUES (4123,13,3,12,2,2,8,6847667447);
INSERT INTO `player_hands` VALUES (4133,10,2,10,1,6,9,6847682309);
INSERT INTO `player_hands` VALUES (4058,5,3,5,1,7,9,6847682309);
INSERT INTO `player_hands` VALUES (4058,12,0,4,1,5,8,6847707778);
INSERT INTO `player_hands` VALUES (4126,12,2,5,2,1,8,6847707778);
INSERT INTO `player_hands` VALUES (3835,3,2,3,3,1,8,6847719977);
INSERT INTO `player_hands` VALUES (4136,5,0,2,0,2,8,6847719977);
INSERT INTO `player_hands` VALUES (4123,13,3,12,3,1,8,6847816627);
INSERT INTO `player_hands` VALUES (4126,13,2,8,3,2,8,6847816627);
INSERT INTO `player_hands` VALUES (4126,13,3,4,1,1,8,6847830997);
INSERT INTO `player_hands` VALUES (4136,12,1,9,1,3,8,6847830997);
INSERT INTO `player_hands` VALUES (4137,13,3,8,3,3,8,6847841338);
INSERT INTO `player_hands` VALUES (4132,5,3,4,3,4,8,6847841338);
INSERT INTO `player_hands` VALUES (4132,13,2,11,1,1,8,6847881445);
INSERT INTO `player_hands` VALUES (4126,13,3,10,1,5,8,6847881445);
INSERT INTO `player_hands` VALUES (3835,11,3,9,3,6,8,6847881445);
INSERT INTO `player_hands` VALUES (3975,11,3,11,2,1,10,6847909956);
INSERT INTO `player_hands` VALUES (4125,12,1,11,0,3,10,6847909956);
INSERT INTO `player_hands` VALUES (4140,12,1,8,1,0,9,6848000327);
INSERT INTO `player_hands` VALUES (4138,2,0,2,1,2,9,6848000327);
INSERT INTO `player_hands` VALUES (3975,8,0,7,1,2,9,6848012859);
INSERT INTO `player_hands` VALUES (4123,13,1,7,3,4,9,6848012859);
INSERT INTO `player_hands` VALUES (4126,12,2,2,2,4,10,6848037043);
INSERT INTO `player_hands` VALUES (4136,13,3,3,1,6,10,6848037043);
INSERT INTO `player_hands` VALUES (4126,12,2,6,0,1,9,6848065549);
INSERT INTO `player_hands` VALUES (4136,13,1,11,0,3,9,6848065549);
INSERT INTO `player_hands` VALUES (4142,3,2,3,3,1,8,6848130129);
INSERT INTO `player_hands` VALUES (3835,13,2,9,2,3,8,6848130129);
INSERT INTO `player_hands` VALUES (4143,13,0,10,1,5,9,6848141689);
INSERT INTO `player_hands` VALUES (3975,9,0,9,1,6,9,6848141689);
INSERT INTO `player_hands` VALUES (4136,10,3,10,2,3,9,6848141689);
INSERT INTO `player_hands` VALUES (4145,9,1,9,0,2,10,6848209173);
INSERT INTO `player_hands` VALUES (4142,10,0,8,0,4,10,6848209173);
INSERT INTO `player_hands` VALUES (4132,9,2,8,2,8,10,6848221683);
INSERT INTO `player_hands` VALUES (3975,13,2,11,3,0,10,6848221683);
INSERT INTO `player_hands` VALUES (4144,13,1,6,1,6,10,6848237499);
INSERT INTO `player_hands` VALUES (4126,10,0,4,0,3,10,6848237499);
INSERT INTO `player_hands` VALUES (4142,8,2,2,1,1,10,6848249606);
INSERT INTO `player_hands` VALUES (4126,10,1,10,0,2,10,6848249606);
INSERT INTO `player_hands` VALUES (4145,8,2,8,3,7,10,6848275620);
INSERT INTO `player_hands` VALUES (4126,9,3,1,3,0,10,6848275620);
INSERT INTO `player_hands` VALUES (4141,8,2,8,0,7,10,6848293557);
INSERT INTO `player_hands` VALUES (4142,12,3,10,1,8,10,6848293557);
INSERT INTO `player_hands` VALUES (4145,12,3,10,2,3,10,6848323868);
INSERT INTO `player_hands` VALUES (4142,8,2,7,2,5,10,6848323868);
INSERT INTO `player_hands` VALUES (4144,12,3,12,2,7,10,6848344459);
INSERT INTO `player_hands` VALUES (4142,11,2,6,2,3,10,6848344459);
INSERT INTO `player_hands` VALUES (3835,6,3,6,0,5,10,6848344459);
INSERT INTO `player_hands` VALUES (4142,13,0,4,0,0,10,6848380929);
INSERT INTO `player_hands` VALUES (3835,11,3,1,1,2,10,6848380929);
INSERT INTO `player_hands` VALUES (4142,13,0,12,3,9,10,6848391694);
INSERT INTO `player_hands` VALUES (4126,8,3,8,1,0,10,6848391694);
INSERT INTO `player_hands` VALUES (4132,12,1,10,1,1,9,6848427752);
INSERT INTO `player_hands` VALUES (4143,8,0,8,2,2,9,6848427752);
INSERT INTO `player_hands` VALUES (4143,10,1,8,0,1,10,6848490675);
INSERT INTO `player_hands` VALUES (4136,12,1,9,2,8,10,6848490675);
INSERT INTO `player_hands` VALUES (4148,13,3,13,2,9,10,6848499606);
INSERT INTO `player_hands` VALUES (4136,6,2,5,2,7,10,6848499606);
INSERT INTO `player_hands` VALUES (4144,13,2,11,2,4,10,6848535702);
INSERT INTO `player_hands` VALUES (4126,9,2,6,2,1,10,6848535702);
INSERT INTO `player_hands` VALUES (3975,4,0,3,2,2,9,6848592139);
INSERT INTO `player_hands` VALUES (3835,13,2,7,2,6,9,6848592139);
INSERT INTO `player_hands` VALUES (4143,7,2,6,2,0,10,6848601302);
INSERT INTO `player_hands` VALUES (3975,4,1,4,0,1,10,6848601302);
INSERT INTO `player_hands` VALUES (4144,13,3,12,3,7,10,6848612395);
INSERT INTO `player_hands` VALUES (4143,12,2,11,1,9,10,6848612395);
INSERT INTO `player_hands` VALUES (3975,12,0,11,0,9,10,6848621788);
INSERT INTO `player_hands` VALUES (4146,13,0,7,0,2,10,6848621788);
INSERT INTO `player_hands` VALUES (4143,13,0,11,2,5,10,6848644384);
INSERT INTO `player_hands` VALUES (4141,13,2,10,3,8,10,6848644384);
INSERT INTO `player_hands` VALUES (4141,10,2,6,2,7,10,6848654694);
INSERT INTO `player_hands` VALUES (4126,13,3,9,0,9,10,6848654694);
INSERT INTO `player_hands` VALUES (4144,13,2,3,2,6,9,6848707752);
INSERT INTO `player_hands` VALUES (4150,4,3,2,3,8,9,6848707752);
INSERT INTO `player_hands` VALUES (4153,13,0,6,0,8,9,6848742133);
INSERT INTO `player_hands` VALUES (4126,9,2,5,2,0,9,6848742133);
INSERT INTO `player_hands` VALUES (4152,10,3,9,1,1,9,6848770671);
INSERT INTO `player_hands` VALUES (4126,9,3,5,3,5,9,6848770671);
INSERT INTO `player_hands` VALUES (4152,7,0,7,2,0,9,6848781349);
INSERT INTO `player_hands` VALUES (4154,13,2,11,0,6,9,6848781349);
INSERT INTO `player_hands` VALUES (4152,13,1,11,1,8,10,6848789338);
INSERT INTO `player_hands` VALUES (4155,2,3,2,1,9,10,6848789338);
INSERT INTO `player_hands` VALUES (4141,13,2,10,1,0,10,6848797968);
INSERT INTO `player_hands` VALUES (4126,10,0,7,3,2,10,6848797968);
INSERT INTO `player_hands` VALUES (4155,12,2,10,1,6,10,6848821974);
INSERT INTO `player_hands` VALUES (4141,12,0,11,2,8,10,6848821974);
INSERT INTO `player_hands` VALUES (4144,12,2,8,0,2,10,6848833613);
INSERT INTO `player_hands` VALUES (4152,12,3,9,1,4,10,6848833613);
INSERT INTO `player_hands` VALUES (4148,10,1,9,0,2,10,6848845007);
INSERT INTO `player_hands` VALUES (4155,12,2,11,3,4,10,6848845007);
INSERT INTO `player_hands` VALUES (4154,13,3,11,2,0,10,6848845007);
INSERT INTO `player_hands` VALUES (4152,13,1,11,2,9,10,6848879223);
INSERT INTO `player_hands` VALUES (4155,13,3,11,1,0,10,6848879223);
INSERT INTO `player_hands` VALUES (4149,12,1,9,1,8,9,6848900000);
INSERT INTO `player_hands` VALUES (3835,13,1,12,3,2,9,6848900000);
INSERT INTO `player_hands` VALUES (4149,2,1,2,0,6,9,6848918181);
INSERT INTO `player_hands` VALUES (4154,7,1,6,1,1,9,6848918181);
INSERT INTO `player_hands` VALUES (4149,13,2,5,2,4,8,6848933688);
INSERT INTO `player_hands` VALUES (4141,13,0,10,0,5,8,6848933688);
INSERT INTO `player_hands` VALUES (4149,11,3,11,1,2,9,6848950741);
INSERT INTO `player_hands` VALUES (4141,12,3,12,2,3,9,6848950741);
INSERT INTO `player_hands` VALUES (4157,13,2,2,1,8,9,6860716820);
INSERT INTO `player_hands` VALUES (4159,5,2,3,3,1,9,6860716820);
INSERT INTO `player_hands` VALUES (4162,11,0,10,0,4,9,6860728026);
INSERT INTO `player_hands` VALUES (4164,12,0,10,3,5,9,6860728026);
INSERT INTO `player_hands` VALUES (4157,10,2,6,3,5,10,6860763962);
INSERT INTO `player_hands` VALUES (4159,13,1,7,3,7,10,6860763962);
INSERT INTO `player_hands` VALUES (4157,13,3,11,2,3,10,6860793499);
INSERT INTO `player_hands` VALUES (4162,13,2,7,1,0,10,6860793499);
INSERT INTO `player_hands` VALUES (4157,13,1,9,1,2,10,6860804971);
INSERT INTO `player_hands` VALUES (4162,13,3,5,3,9,10,6860804971);
INSERT INTO `player_hands` VALUES (4157,9,3,6,2,5,8,6860847304);
INSERT INTO `player_hands` VALUES (4156,8,2,8,1,2,8,6860847304);
INSERT INTO `player_hands` VALUES (3835,10,3,9,0,1,8,6860900888);
INSERT INTO `player_hands` VALUES (4161,13,3,11,3,2,8,6860900888);
INSERT INTO `player_hands` VALUES (4165,11,0,10,1,6,10,6860942522);
INSERT INTO `player_hands` VALUES (4164,13,0,10,2,2,10,6860942522);
INSERT INTO `player_hands` VALUES (4157,11,1,9,2,0,10,6860990522);
INSERT INTO `player_hands` VALUES (4165,13,3,2,2,2,10,6860990522);
INSERT INTO `player_hands` VALUES (4157,6,2,4,2,3,10,6861051931);
INSERT INTO `player_hands` VALUES (4156,13,3,3,3,9,10,6861051931);
INSERT INTO `player_hands` VALUES (4164,8,2,7,3,1,10,6861051931);
INSERT INTO `player_hands` VALUES (4163,12,0,6,1,2,10,6861051931);
INSERT INTO `player_hands` VALUES (3835,11,2,10,1,5,9,6861071410);
INSERT INTO `player_hands` VALUES (4164,12,2,12,1,0,9,6861071410);
INSERT INTO `player_hands` VALUES (4166,12,1,3,2,2,10,6861100207);
INSERT INTO `player_hands` VALUES (3854,13,1,9,1,6,10,6861100207);
INSERT INTO `player_hands` VALUES (4157,12,3,8,1,8,10,6861115102);
INSERT INTO `player_hands` VALUES (4164,13,1,10,1,6,10,6861115102);
INSERT INTO `player_hands` VALUES (4157,12,2,4,2,6,9,6861124085);
INSERT INTO `player_hands` VALUES (4163,6,0,6,1,5,9,6861124085);
INSERT INTO `player_hands` VALUES (4157,12,2,4,2,4,9,6861148004);
INSERT INTO `player_hands` VALUES (4164,9,2,6,0,2,9,6861148004);
INSERT INTO `player_hands` VALUES (4157,11,3,2,3,1,7,6861157928);
INSERT INTO `player_hands` VALUES (4158,5,2,3,3,2,7,6861157928);
INSERT INTO `player_hands` VALUES (4165,11,0,8,0,3,7,6861157928);
INSERT INTO `player_hands` VALUES (4157,11,0,3,2,4,7,6861198912);
INSERT INTO `player_hands` VALUES (3835,12,3,12,0,1,7,6861198912);
INSERT INTO `player_hands` VALUES (4157,11,3,5,3,2,7,6861222776);
INSERT INTO `player_hands` VALUES (4164,9,3,8,2,0,7,6861222776);
INSERT INTO `player_hands` VALUES (4166,13,0,12,0,0,10,6872843762);
INSERT INTO `player_hands` VALUES (4174,13,3,10,2,7,10,6872843762);
INSERT INTO `player_hands` VALUES (4174,8,2,7,2,6,10,6872858478);
INSERT INTO `player_hands` VALUES (3835,12,2,10,3,7,10,6872858478);
INSERT INTO `player_hands` VALUES (4173,9,3,6,0,1,10,6872895634);
INSERT INTO `player_hands` VALUES (4174,12,0,12,2,2,10,6872895634);
INSERT INTO `player_hands` VALUES (4168,13,3,12,0,3,10,6872929479);
INSERT INTO `player_hands` VALUES (4174,12,2,9,3,9,10,6872929479);
INSERT INTO `player_hands` VALUES (3895,13,0,8,0,7,9,6872963533);
INSERT INTO `player_hands` VALUES (4175,12,0,10,1,2,9,6872963533);
INSERT INTO `player_hands` VALUES (4174,9,3,1,3,5,9,6872963533);
INSERT INTO `player_hands` VALUES (4170,13,2,12,1,0,10,6872979510);
INSERT INTO `player_hands` VALUES (4174,12,3,10,1,4,10,6872979510);
INSERT INTO `player_hands` VALUES (4176,13,3,10,1,8,10,6872994113);
INSERT INTO `player_hands` VALUES (4174,10,3,8,2,3,10,6872994113);
INSERT INTO `player_hands` VALUES (4175,13,3,11,2,8,10,6873017212);
INSERT INTO `player_hands` VALUES (4174,13,0,8,3,1,10,6873017212);
INSERT INTO `player_hands` VALUES (3835,10,0,7,2,7,9,6861262404);
INSERT INTO `player_hands` VALUES (4180,12,3,6,3,1,9,6861262404);
INSERT INTO `player_hands` VALUES (4181,9,3,7,1,2,9,6861262404);
INSERT INTO `player_hands` VALUES (4182,11,2,10,0,1,10,6861289438);
INSERT INTO `player_hands` VALUES (4183,12,3,6,2,2,10,6861289438);
INSERT INTO `player_hands` VALUES (4177,10,0,8,2,1,10,6861317477);
INSERT INTO `player_hands` VALUES (4182,12,3,9,2,8,10,6861317477);
INSERT INTO `player_hands` VALUES (4150,5,2,3,3,2,10,6861327549);
INSERT INTO `player_hands` VALUES (4180,13,0,11,1,5,10,6861327549);
INSERT INTO `player_hands` VALUES (4178,11,1,8,1,2,10,6861340078);
INSERT INTO `player_hands` VALUES (4183,12,0,8,2,7,10,6861340078);
INSERT INTO `player_hands` VALUES (4181,12,2,9,0,2,10,6861368790);
INSERT INTO `player_hands` VALUES (4183,12,0,3,0,4,10,6861368790);
INSERT INTO `player_hands` VALUES (4177,11,1,11,2,5,10,6861387511);
INSERT INTO `player_hands` VALUES (4178,13,2,7,3,8,10,6861387511);
INSERT INTO `player_hands` VALUES (4150,6,2,6,3,6,10,6861397367);
INSERT INTO `player_hands` VALUES (4180,13,1,2,1,9,10,6861397367);
INSERT INTO `player_hands` VALUES (4177,13,3,1,3,3,10,6861405648);
INSERT INTO `player_hands` VALUES (3835,13,1,12,1,4,10,6861405648);
INSERT INTO `player_hands` VALUES (4177,8,1,6,0,1,10,6861432850);
INSERT INTO `player_hands` VALUES (4180,13,3,4,1,6,10,6861432850);
INSERT INTO `player_hands` VALUES (4179,9,0,8,0,3,10,6861447244);
INSERT INTO `player_hands` VALUES (4183,13,1,12,2,7,10,6861447244);
INSERT INTO `player_hands` VALUES (4177,13,0,8,2,7,10,6861468000);
INSERT INTO `player_hands` VALUES (4180,13,1,3,2,2,10,6861468000);
INSERT INTO `player_hands` VALUES (4179,13,3,10,0,9,10,6861485444);
INSERT INTO `player_hands` VALUES (4183,13,2,9,3,3,10,6861485444);
INSERT INTO `player_hands` VALUES (4180,3,1,2,1,9,10,6861496329);
INSERT INTO `player_hands` VALUES (4182,13,2,11,3,1,10,6861496329);
INSERT INTO `player_hands` VALUES (4183,1,1,1,0,2,10,6861496329);
INSERT INTO `player_hands` VALUES (4177,8,0,4,2,1,8,6861508553);
INSERT INTO `player_hands` VALUES (4182,9,2,8,2,0,8,6861508553);
INSERT INTO `player_hands` VALUES (4178,13,2,10,1,7,8,6861542747);
INSERT INTO `player_hands` VALUES (4180,3,0,2,3,1,8,6861542747);
INSERT INTO `player_hands` VALUES (4185,13,1,12,2,3,8,6861542747);
INSERT INTO `player_hands` VALUES (3835,13,2,12,1,4,8,6861553281);
INSERT INTO `player_hands` VALUES (4178,12,0,11,3,6,8,6861553281);
INSERT INTO `player_hands` VALUES (4180,12,2,9,2,7,8,6861562886);
INSERT INTO `player_hands` VALUES (4185,8,3,7,3,1,8,6861562886);
INSERT INTO `player_hands` VALUES (4150,13,0,5,3,9,10,6861598736);
INSERT INTO `player_hands` VALUES (4179,12,2,10,3,1,10,6861598736);
INSERT INTO `player_hands` VALUES (4150,12,2,5,2,6,10,6861623165);
INSERT INTO `player_hands` VALUES (4180,13,2,7,2,9,10,6861623165);
INSERT INTO `player_hands` VALUES (4185,13,0,9,1,2,10,6861623165);
INSERT INTO `player_hands` VALUES (4180,8,0,7,0,6,9,6861639828);
INSERT INTO `player_hands` VALUES (4184,5,0,2,0,1,9,6861639828);
INSERT INTO `player_hands` VALUES (4179,10,0,9,3,2,10,6861672581);
INSERT INTO `player_hands` VALUES (4185,11,2,6,2,6,10,6861672581);
INSERT INTO `player_hands` VALUES (4178,12,1,8,1,9,10,6861687918);
INSERT INTO `player_hands` VALUES (4185,10,1,7,0,4,10,6861687918);
INSERT INTO `player_hands` VALUES (4178,9,1,7,1,8,10,6861699261);
INSERT INTO `player_hands` VALUES (4185,8,0,6,2,3,10,6861699261);
INSERT INTO `player_hands` VALUES (4178,11,1,11,2,7,10,6861709643);
INSERT INTO `player_hands` VALUES (4186,9,3,8,3,1,10,6861709643);
INSERT INTO `player_hands` VALUES (4177,10,3,6,3,3,10,6861721194);
INSERT INTO `player_hands` VALUES (4185,12,2,4,2,1,10,6861721194);
INSERT INTO `player_hands` VALUES (4187,7,1,6,1,2,9,6861751699);
INSERT INTO `player_hands` VALUES (4186,7,3,7,0,6,9,6861751699);
INSERT INTO `player_hands` VALUES (4177,5,3,4,3,8,9,6861760505);
INSERT INTO `player_hands` VALUES (4178,7,1,7,2,2,9,6861760505);
INSERT INTO `player_hands` VALUES (4178,13,3,11,3,1,8,6861770727);
INSERT INTO `player_hands` VALUES (4180,5,3,4,2,2,8,6861770727);
INSERT INTO `player_hands` VALUES (3835,8,1,7,1,2,7,6861800625);
INSERT INTO `player_hands` VALUES (4180,13,3,12,3,5,7,6861800625);
INSERT INTO `player_hands` VALUES (4178,11,3,9,2,0,8,6861829013);
INSERT INTO `player_hands` VALUES (4179,12,3,11,2,1,8,6861829013);
INSERT INTO `player_hands` VALUES (4181,13,2,12,2,8,9,6861860522);
INSERT INTO `player_hands` VALUES (4185,4,3,3,3,1,9,6861860522);
INSERT INTO `player_hands` VALUES (4180,11,0,2,3,2,10,6861906563);
INSERT INTO `player_hands` VALUES (4184,13,1,11,2,6,10,6861906563);
INSERT INTO `player_hands` VALUES (4180,11,0,7,1,9,10,6861925118);
INSERT INTO `player_hands` VALUES (4185,10,3,2,0,2,10,6861925118);
INSERT INTO `player_hands` VALUES (4184,12,3,9,0,3,10,6861925118);
INSERT INTO `player_hands` VALUES (4185,13,1,3,0,1,10,6861933119);
INSERT INTO `player_hands` VALUES (4184,13,2,7,0,2,10,6861933119);
INSERT INTO `player_hands` VALUES (4187,13,1,13,2,4,10,6861938997);
INSERT INTO `player_hands` VALUES (4178,13,0,10,0,5,10,6861938997);
INSERT INTO `player_hands` VALUES (4180,8,3,7,3,7,10,6861938997);
INSERT INTO `player_hands` VALUES (4178,7,0,6,3,3,10,6861955808);
INSERT INTO `player_hands` VALUES (4185,13,2,3,3,8,10,6861955808);
INSERT INTO `player_hands` VALUES (4179,10,2,8,2,1,9,6861976374);
INSERT INTO `player_hands` VALUES (4180,12,3,11,1,2,9,6861976374);
INSERT INTO `player_hands` VALUES (4178,12,2,8,1,8,9,6861981662);
INSERT INTO `player_hands` VALUES (4184,13,3,13,0,4,9,6861981662);
INSERT INTO `player_hands` VALUES (4178,12,2,10,0,7,9,6861991881);
INSERT INTO `player_hands` VALUES (4179,12,0,10,2,8,9,6861991881);
INSERT INTO `player_hands` VALUES (4180,12,2,3,2,9,10,6861998931);
INSERT INTO `player_hands` VALUES (4181,12,0,8,1,0,10,6861998931);
INSERT INTO `player_hands` VALUES (4190,9,3,7,3,1,9,6862007847);
INSERT INTO `player_hands` VALUES (4170,6,0,6,1,2,9,6862007847);
INSERT INTO `player_hands` VALUES (4187,11,3,11,1,4,10,6862016335);
INSERT INTO `player_hands` VALUES (4181,8,0,8,1,8,10,6862016335);
INSERT INTO `player_hands` VALUES (4189,5,2,5,0,1,10,6862022870);
INSERT INTO `player_hands` VALUES (4178,13,1,13,0,4,10,6862022870);
INSERT INTO `player_hands` VALUES (4178,13,0,13,1,2,10,6862038673);
INSERT INTO `player_hands` VALUES (4191,11,0,4,0,3,10,6862038673);
INSERT INTO `player_hands` VALUES (4191,12,0,6,0,1,10,6862052234);
INSERT INTO `player_hands` VALUES (4180,13,0,12,1,2,10,6862052234);
INSERT INTO `player_hands` VALUES (4180,6,0,5,2,1,10,6862057871);
INSERT INTO `player_hands` VALUES (4181,13,1,2,1,2,10,6862057871);
INSERT INTO `player_hands` VALUES (4178,13,3,7,3,7,9,6862064054);
INSERT INTO `player_hands` VALUES (4180,12,2,1,2,0,9,6862064054);
INSERT INTO `player_hands` VALUES (3835,13,1,11,2,3,9,6862080524);
INSERT INTO `player_hands` VALUES (4188,13,0,10,3,8,9,6862080524);
INSERT INTO `player_hands` VALUES (4190,13,2,10,0,0,9,6862080524);
INSERT INTO `player_hands` VALUES (4187,5,0,2,0,2,10,6862098433);
INSERT INTO `player_hands` VALUES (4191,13,3,4,0,4,10,6862098433);
INSERT INTO `player_hands` VALUES (4180,12,2,5,1,5,10,6862098433);
INSERT INTO `player_hands` VALUES (4191,11,3,7,3,3,10,6862103948);
INSERT INTO `player_hands` VALUES (4180,7,0,7,2,4,10,6862103948);
INSERT INTO `player_hands` VALUES (4191,2,0,2,1,2,10,6862110325);
INSERT INTO `player_hands` VALUES (4188,7,1,6,1,5,10,6862110325);
INSERT INTO `player_hands` VALUES (3835,13,3,13,0,7,10,6862120591);
INSERT INTO `player_hands` VALUES (4190,10,3,10,2,4,10,6862120591);
INSERT INTO `player_hands` VALUES (4187,12,2,9,3,7,10,6862125124);
INSERT INTO `player_hands` VALUES (4188,10,3,10,2,2,10,6862125124);
INSERT INTO `player_hands` VALUES (4191,12,0,12,3,3,9,6862146890);
INSERT INTO `player_hands` VALUES (4180,8,2,6,2,4,9,6862146890);
INSERT INTO `player_hands` VALUES (4187,13,2,7,2,0,9,6862150980);
INSERT INTO `player_hands` VALUES (4191,9,0,8,3,2,9,6862150980);
INSERT INTO `player_hands` VALUES (4192,13,0,10,2,5,9,6862150980);
INSERT INTO `player_hands` VALUES (4187,10,2,9,0,6,9,6862169528);
INSERT INTO `player_hands` VALUES (4178,13,0,10,1,7,9,6862169528);
INSERT INTO `player_hands` VALUES (4191,12,1,8,1,8,10,6862176062);
INSERT INTO `player_hands` VALUES (4170,13,0,10,3,3,10,6862176062);
INSERT INTO `player_hands` VALUES (4189,4,1,4,2,1,9,6862193191);
INSERT INTO `player_hands` VALUES (3835,10,2,9,0,2,9,6862193191);
INSERT INTO `player_hands` VALUES (4191,13,2,8,0,2,9,6862203525);
INSERT INTO `player_hands` VALUES (4180,11,1,6,1,3,9,6862203525);
INSERT INTO `player_hands` VALUES (4194,12,1,4,1,8,10,6862215443);
INSERT INTO `player_hands` VALUES (4193,10,2,8,2,4,10,6862215443);
INSERT INTO `player_hands` VALUES (4180,9,1,3,1,0,10,6862223229);
INSERT INTO `player_hands` VALUES (4192,2,0,1,1,2,10,6862223229);
INSERT INTO `player_hands` VALUES (4194,13,0,10,3,6,10,6862228302);
INSERT INTO `player_hands` VALUES (4192,7,1,5,1,1,10,6862228302);
INSERT INTO `player_hands` VALUES (4191,13,0,9,0,7,10,6862234164);
INSERT INTO `player_hands` VALUES (4180,13,2,7,2,8,10,6862234164);
INSERT INTO `player_hands` VALUES (4189,12,1,4,0,2,10,6862238870);
INSERT INTO `player_hands` VALUES (4191,13,2,4,3,6,10,6862238870);
INSERT INTO `player_hands` VALUES (4180,11,2,9,1,6,10,6862244806);
INSERT INTO `player_hands` VALUES (4170,12,2,11,0,0,10,6862244806);
INSERT INTO `player_hands` VALUES (4191,12,0,12,2,4,10,6862250904);
INSERT INTO `player_hands` VALUES (4180,13,0,12,3,5,10,6862250904);
INSERT INTO `player_hands` VALUES (4194,13,1,5,3,1,9,6862257338);
INSERT INTO `player_hands` VALUES (4191,5,2,5,1,3,9,6862257338);
INSERT INTO `player_hands` VALUES (4193,10,2,10,3,6,9,6862257338);
INSERT INTO `player_hands` VALUES (4194,12,2,7,0,0,9,6862263942);
INSERT INTO `player_hands` VALUES (4178,11,2,8,3,1,9,6862263942);
INSERT INTO `player_hands` VALUES (4191,11,3,8,2,2,9,6862263942);
INSERT INTO `player_hands` VALUES (3835,12,0,11,3,7,9,6862269215);
INSERT INTO `player_hands` VALUES (4191,13,1,5,2,1,9,6862269215);
INSERT INTO `player_hands` VALUES (4181,13,2,11,2,2,9,6862269215);
INSERT INTO `player_hands` VALUES (4196,7,1,6,1,3,9,6884281314);
INSERT INTO `player_hands` VALUES (4202,5,0,2,1,2,9,6884281314);
INSERT INTO `player_hands` VALUES (3835,13,0,5,0,0,9,6884295666);
INSERT INTO `player_hands` VALUES (4202,6,1,5,2,1,9,6884295666);
INSERT INTO `player_hands` VALUES (4198,3,1,3,3,1,9,6884331174);
INSERT INTO `player_hands` VALUES (4199,11,2,8,0,2,9,6884331174);
INSERT INTO `player_hands` VALUES (3835,12,2,10,3,6,9,6884331174);
INSERT INTO `player_hands` VALUES (4202,9,3,1,3,7,9,6884331174);
INSERT INTO `player_hands` VALUES (4200,4,2,4,3,1,9,6884356361);
INSERT INTO `player_hands` VALUES (4074,13,3,13,0,3,9,6884356361);
INSERT INTO `player_hands` VALUES (4198,13,1,10,1,6,9,6884373670);
INSERT INTO `player_hands` VALUES (3835,11,1,11,2,2,9,6884373670);
INSERT INTO `player_hands` VALUES (4197,13,1,4,1,0,8,6884435895);
INSERT INTO `player_hands` VALUES (4202,8,2,5,2,6,8,6884435895);
INSERT INTO `player_hands` VALUES (4200,11,0,9,3,1,8,6884447733);
INSERT INTO `player_hands` VALUES (4201,11,3,10,1,2,8,6884447733);
INSERT INTO `player_hands` VALUES (4200,10,0,9,2,2,9,6884527092);
INSERT INTO `player_hands` VALUES (4201,13,0,13,2,3,9,6884527092);
INSERT INTO `player_hands` VALUES (4072,10,0,8,0,5,9,6884573477);
INSERT INTO `player_hands` VALUES (4202,9,0,8,3,2,9,6884573477);
INSERT INTO `player_hands` VALUES (4196,11,0,10,3,2,9,6884590102);
INSERT INTO `player_hands` VALUES (4200,12,2,9,2,5,9,6884590102);
INSERT INTO `player_hands` VALUES (4205,11,2,9,0,8,10,6884648887);
INSERT INTO `player_hands` VALUES (4201,11,1,10,3,2,10,6884648887);
INSERT INTO `player_hands` VALUES (4196,11,3,10,0,5,10,6884669246);
INSERT INTO `player_hands` VALUES (4201,13,2,11,2,0,10,6884669246);
INSERT INTO `player_hands` VALUES (4204,11,2,11,1,7,9,6884702242);
INSERT INTO `player_hands` VALUES (4202,13,1,6,2,1,9,6884702242);
INSERT INTO `player_hands` VALUES (4175,10,1,10,2,4,10,6873058559);
INSERT INTO `player_hands` VALUES (4173,12,3,10,3,6,10,6873058559);
INSERT INTO `player_hands` VALUES (4166,13,0,9,1,8,10,6873084658);
INSERT INTO `player_hands` VALUES (4175,12,1,8,0,2,10,6873084658);
INSERT INTO `player_hands` VALUES (4170,13,3,12,3,6,9,6873127493);
INSERT INTO `player_hands` VALUES (3835,10,1,9,1,1,9,6873127493);
INSERT INTO `player_hands` VALUES (3895,11,1,3,1,1,10,6873140242);
INSERT INTO `player_hands` VALUES (4207,6,3,5,2,9,10,6873140242);
INSERT INTO `player_hands` VALUES (4175,11,3,10,1,4,10,6873158258);
INSERT INTO `player_hands` VALUES (4173,13,3,11,2,6,10,6873158258);
INSERT INTO `player_hands` VALUES (4207,4,0,4,1,7,10,6873158258);
INSERT INTO `player_hands` VALUES (4146,12,0,7,3,2,10,6873241478);
INSERT INTO `player_hands` VALUES (3835,13,1,10,0,8,10,6873241478);
INSERT INTO `player_hands` VALUES (4166,12,1,10,2,8,10,6873262118);
INSERT INTO `player_hands` VALUES (4209,3,2,2,2,2,10,6873262118);
INSERT INTO `player_hands` VALUES (4208,12,0,9,0,0,10,6873272249);
INSERT INTO `player_hands` VALUES (4172,6,1,6,2,2,10,6873272249);
INSERT INTO `player_hands` VALUES (3835,12,1,11,1,5,10,6873272249);
INSERT INTO `player_hands` VALUES (3895,11,1,10,1,5,10,6873288843);
INSERT INTO `player_hands` VALUES (4172,13,2,3,2,1,10,6873288843);
INSERT INTO `player_hands` VALUES (4209,12,3,11,3,8,9,6873303030);
INSERT INTO `player_hands` VALUES (3835,11,2,3,1,2,9,6873303030);
INSERT INTO `player_hands` VALUES (4211,13,3,2,1,4,9,6873312727);
INSERT INTO `player_hands` VALUES (4173,13,0,12,2,0,9,6873312727);
INSERT INTO `player_hands` VALUES (4211,13,1,1,2,2,8,6873334223);
INSERT INTO `player_hands` VALUES (4208,13,3,3,3,4,8,6873334223);
INSERT INTO `player_hands` VALUES (4211,6,3,5,0,1,8,6873343502);
INSERT INTO `player_hands` VALUES (4146,13,3,10,0,2,8,6873343502);
INSERT INTO `player_hands` VALUES (4211,10,0,1,2,0,10,6873357413);
INSERT INTO `player_hands` VALUES (4208,13,2,1,0,2,10,6873357413);
INSERT INTO `player_hands` VALUES (4211,11,0,1,1,9,10,6873367140);
INSERT INTO `player_hands` VALUES (4146,11,1,10,3,0,10,6873367140);
INSERT INTO `player_hands` VALUES (4146,10,1,10,3,8,9,6873384567);
INSERT INTO `player_hands` VALUES (3835,11,2,11,1,5,9,6873384567);
INSERT INTO `player_hands` VALUES (4215,13,0,1,0,9,10,6873432094);
INSERT INTO `player_hands` VALUES (4217,5,2,4,2,2,10,6873432094);
INSERT INTO `player_hands` VALUES (3967,11,2,10,2,1,10,6873461615);
INSERT INTO `player_hands` VALUES (4214,12,2,10,3,2,10,6873461615);
INSERT INTO `player_hands` VALUES (4165,5,2,4,0,4,10,6873461615);
INSERT INTO `player_hands` VALUES (4214,7,2,6,2,1,10,6873488147);
INSERT INTO `player_hands` VALUES (4165,8,2,7,3,3,10,6873488147);
INSERT INTO `player_hands` VALUES (4215,13,1,13,0,4,10,6873488147);
INSERT INTO `player_hands` VALUES (4170,13,0,3,0,0,9,6873517067);
INSERT INTO `player_hands` VALUES (4165,12,2,11,0,1,9,6873517067);
INSERT INTO `player_hands` VALUES (4219,11,2,10,2,7,10,6873538832);
INSERT INTO `player_hands` VALUES (4170,12,3,11,0,8,10,6873538832);
INSERT INTO `player_hands` VALUES (4165,2,0,2,2,8,10,6873551721);
INSERT INTO `player_hands` VALUES (3847,13,2,9,0,1,10,6873551721);
INSERT INTO `player_hands` VALUES (4165,3,0,3,3,7,10,6873563138);
INSERT INTO `player_hands` VALUES (4218,12,1,10,0,1,10,6873563138);
INSERT INTO `player_hands` VALUES (4215,13,1,11,1,7,10,6873578976);
INSERT INTO `player_hands` VALUES (3847,10,3,10,2,9,10,6873578976);
INSERT INTO `player_hands` VALUES (4170,11,0,2,1,2,10,6873600000);
INSERT INTO `player_hands` VALUES (4165,12,2,11,1,3,10,6873600000);
INSERT INTO `player_hands` VALUES (4165,8,3,1,3,2,10,6873607690);
INSERT INTO `player_hands` VALUES (4218,12,3,9,3,6,10,6873607690);
INSERT INTO `player_hands` VALUES (3967,12,3,11,3,8,10,6873620774);
INSERT INTO `player_hands` VALUES (4165,9,0,8,2,1,10,6873620774);
INSERT INTO `player_hands` VALUES (4218,13,1,9,1,5,10,6873620774);
INSERT INTO `player_hands` VALUES (4213,11,2,9,3,5,10,6873641750);
INSERT INTO `player_hands` VALUES (3847,6,3,2,3,2,10,6873641750);
INSERT INTO `player_hands` VALUES (4218,2,1,2,2,3,10,6873641750);
INSERT INTO `player_hands` VALUES (4213,10,0,10,2,4,10,6873651866);
INSERT INTO `player_hands` VALUES (4218,5,0,5,3,2,10,6873651866);
INSERT INTO `player_hands` VALUES (4213,10,3,9,0,2,10,6873670591);
INSERT INTO `player_hands` VALUES (4165,13,0,11,3,6,10,6873670591);
INSERT INTO `player_hands` VALUES (4213,12,3,9,0,1,10,6873679854);
INSERT INTO `player_hands` VALUES (4219,13,3,9,1,3,10,6873679854);
INSERT INTO `player_hands` VALUES (4170,6,1,6,0,3,10,6873693607);
INSERT INTO `player_hands` VALUES (4165,10,0,7,0,4,10,6873693607);
INSERT INTO `player_hands` VALUES (4215,12,0,11,1,5,10,6873693607);
INSERT INTO `player_hands` VALUES (4170,13,3,9,1,0,10,6873719210);
INSERT INTO `player_hands` VALUES (4165,13,0,10,3,1,10,6873719210);
INSERT INTO `player_hands` VALUES (4215,12,0,10,2,9,10,6873759445);
INSERT INTO `player_hands` VALUES (4218,10,3,2,3,2,10,6873759445);
INSERT INTO `player_hands` VALUES (4216,13,2,12,0,7,9,6873776677);
INSERT INTO `player_hands` VALUES (4218,9,1,6,1,0,9,6873776677);
INSERT INTO `player_hands` VALUES (4213,12,2,7,1,0,7,6873791070);
INSERT INTO `player_hands` VALUES (4170,7,0,4,0,2,7,6873791070);
INSERT INTO `player_hands` VALUES (4170,13,0,13,2,0,7,6873805389);
INSERT INTO `player_hands` VALUES (3835,13,3,11,2,3,7,6873805389);
INSERT INTO `player_hands` VALUES (4220,13,3,1,2,6,8,6873817726);
INSERT INTO `player_hands` VALUES (3847,13,2,4,3,1,8,6873817726);
INSERT INTO `player_hands` VALUES (4220,11,0,4,1,5,9,6873834303);
INSERT INTO `player_hands` VALUES (4221,7,1,6,2,8,9,6873834303);
INSERT INTO `player_hands` VALUES (4213,9,2,9,3,2,9,6873842477);
INSERT INTO `player_hands` VALUES (4221,2,1,2,0,7,9,6873842477);
INSERT INTO `player_hands` VALUES (4130,3,3,3,0,2,8,6873849739);
INSERT INTO `player_hands` VALUES (4215,13,1,12,3,4,8,6873849739);
INSERT INTO `player_hands` VALUES (4221,2,1,1,1,5,8,6873849739);
INSERT INTO `player_hands` VALUES (4213,12,2,7,0,7,9,6873864465);
INSERT INTO `player_hands` VALUES (4215,8,1,7,1,2,9,6873864465);
INSERT INTO `player_hands` VALUES (4130,13,3,11,2,6,9,6873877606);
INSERT INTO `player_hands` VALUES (4221,9,0,9,1,1,9,6873877606);
INSERT INTO `player_hands` VALUES (4170,10,0,10,2,5,9,6873893726);
INSERT INTO `player_hands` VALUES (4221,11,1,9,2,8,9,6873893726);
INSERT INTO `player_hands` VALUES (4130,13,0,10,2,3,9,6873902618);
INSERT INTO `player_hands` VALUES (4221,12,1,9,2,7,9,6873902618);
INSERT INTO `player_hands` VALUES (3835,10,0,8,0,1,9,6873902618);
INSERT INTO `player_hands` VALUES (4213,13,3,12,2,1,10,6873911967);
INSERT INTO `player_hands` VALUES (4223,12,1,10,0,2,10,6873911967);
INSERT INTO `player_hands` VALUES (3835,12,0,12,3,0,10,6873911967);
INSERT INTO `player_hands` VALUES (4223,12,1,11,0,0,9,6873924519);
INSERT INTO `player_hands` VALUES (4222,8,3,1,0,2,9,6873924519);
INSERT INTO `player_hands` VALUES (4221,11,3,3,3,4,9,6873924519);
INSERT INTO `player_hands` VALUES (4213,13,3,3,0,6,9,6873938725);
INSERT INTO `player_hands` VALUES (4222,13,2,12,1,0,9,6873938725);
INSERT INTO `player_hands` VALUES (4223,13,3,12,2,6,10,6873947209);
INSERT INTO `player_hands` VALUES (4170,12,3,11,0,8,10,6873947209);
INSERT INTO `player_hands` VALUES (4221,11,1,9,2,1,10,6873947209);
INSERT INTO `player_hands` VALUES (3835,7,1,1,0,2,10,6885811290);
INSERT INTO `player_hands` VALUES (4232,12,1,6,1,5,10,6885811290);
INSERT INTO `player_hands` VALUES (4226,8,2,8,3,4,10,6885838519);
INSERT INTO `player_hands` VALUES (3835,13,1,10,2,9,10,6885838519);
INSERT INTO `player_hands` VALUES (4226,9,0,2,0,3,10,6885848742);
INSERT INTO `player_hands` VALUES (4229,13,1,11,0,7,10,6885848742);
INSERT INTO `player_hands` VALUES (4232,13,2,10,3,1,10,6885848742);
INSERT INTO `player_hands` VALUES (4228,13,1,13,2,2,9,6885878641);
INSERT INTO `player_hands` VALUES (4229,12,1,5,3,4,9,6885878641);
INSERT INTO `player_hands` VALUES (4233,5,0,5,2,7,9,6885903502);
INSERT INTO `player_hands` VALUES (4229,1,2,1,1,2,9,6885903502);
INSERT INTO `player_hands` VALUES (4233,13,1,11,3,3,10,6885950991);
INSERT INTO `player_hands` VALUES (4227,5,0,4,0,4,10,6885950991);
INSERT INTO `player_hands` VALUES (4229,13,0,9,0,7,10,6885950991);
INSERT INTO `player_hands` VALUES (4228,11,2,1,2,9,10,6886014902);
INSERT INTO `player_hands` VALUES (4229,13,2,2,1,1,10,6886014902);
INSERT INTO `player_hands` VALUES (4234,9,3,9,2,8,10,6886097341);
INSERT INTO `player_hands` VALUES (4228,4,3,2,3,1,10,6886097341);
INSERT INTO `player_hands` VALUES (4229,13,0,6,3,6,9,6886146438);
INSERT INTO `player_hands` VALUES (4231,10,3,5,3,0,9,6886146438);
INSERT INTO `player_hands` VALUES (4228,11,2,9,2,3,9,6886156255);
INSERT INTO `player_hands` VALUES (4229,12,2,5,2,5,9,6886156255);
INSERT INTO `player_hands` VALUES (4237,7,3,4,2,9,10,6886169925);
INSERT INTO `player_hands` VALUES (4235,13,0,9,1,1,10,6886169925);
INSERT INTO `player_hands` VALUES (4235,10,1,2,1,9,10,6886194635);
INSERT INTO `player_hands` VALUES (4229,13,0,3,3,2,10,6886194635);
INSERT INTO `player_hands` VALUES (4236,10,0,8,0,1,10,6886229570);
INSERT INTO `player_hands` VALUES (4231,11,1,5,2,2,10,6886229570);
INSERT INTO `player_hands` VALUES (4235,12,2,8,1,5,10,6886242614);
INSERT INTO `player_hands` VALUES (4228,13,0,13,1,6,10,6886242614);
INSERT INTO `player_hands` VALUES (4096,5,1,5,0,2,10,6886242614);
INSERT INTO `player_hands` VALUES (4235,6,0,5,3,4,10,6886255516);
INSERT INTO `player_hands` VALUES (4229,12,2,11,2,7,10,6886255516);
INSERT INTO `player_hands` VALUES (4229,12,3,12,1,5,10,6886283216);
INSERT INTO `player_hands` VALUES (4096,10,0,8,0,9,10,6886283216);
INSERT INTO `player_hands` VALUES (4237,13,3,11,0,6,9,6886311664);
INSERT INTO `player_hands` VALUES (4229,11,1,9,1,2,9,6886311664);
INSERT INTO `player_hands` VALUES (4237,6,2,4,2,5,9,6886323685);
INSERT INTO `player_hands` VALUES (4229,10,0,10,3,1,9,6886323685);
INSERT INTO `player_hands` VALUES (4237,9,2,9,0,4,9,6886339940);
INSERT INTO `player_hands` VALUES (4235,13,1,10,0,6,9,6886339940);
INSERT INTO `player_hands` VALUES (4229,11,3,8,2,4,10,6886386447);
INSERT INTO `player_hands` VALUES (4238,13,3,3,2,7,10,6886386447);
INSERT INTO `player_hands` VALUES (4235,13,1,9,2,0,10,6886396679);
INSERT INTO `player_hands` VALUES (4236,13,0,11,0,5,10,6886396679);
INSERT INTO `player_hands` VALUES (4235,12,3,12,2,9,10,6886410960);
INSERT INTO `player_hands` VALUES (4229,13,3,5,3,2,10,6886410960);
INSERT INTO `player_hands` VALUES (4229,13,1,11,1,5,10,6886456680);
INSERT INTO `player_hands` VALUES (4096,11,2,10,2,9,10,6886456680);
INSERT INTO `player_hands` VALUES (4237,12,2,9,3,7,9,6886480936);
INSERT INTO `player_hands` VALUES (4233,13,3,12,3,8,9,6886480936);
INSERT INTO `player_hands` VALUES (4238,11,2,10,2,6,9,6886480936);
INSERT INTO `player_hands` VALUES (4233,13,2,9,1,6,8,6886491318);
INSERT INTO `player_hands` VALUES (4229,8,3,4,2,2,8,6886491318);
INSERT INTO `player_hands` VALUES (4229,11,0,1,1,6,8,6886517781);
INSERT INTO `player_hands` VALUES (3835,13,0,6,0,7,8,6886517781);
INSERT INTO `player_hands` VALUES (4239,13,2,13,3,1,8,6886525022);
INSERT INTO `player_hands` VALUES (4229,11,2,8,2,5,8,6886525022);
INSERT INTO `player_hands` VALUES (4239,8,2,6,2,0,8,6886533798);
INSERT INTO `player_hands` VALUES (4229,11,3,5,3,4,8,6886533798);
INSERT INTO `player_hands` VALUES (4239,12,0,10,3,5,7,6886550050);
INSERT INTO `player_hands` VALUES (4229,13,1,7,2,2,7,6886550050);
INSERT INTO `player_hands` VALUES (4239,1,2,1,0,4,8,6886562526);
INSERT INTO `player_hands` VALUES (4229,12,0,10,0,0,8,6886562526);
INSERT INTO `player_hands` VALUES (4154,12,0,11,0,7,8,6886591034);
INSERT INTO `player_hands` VALUES (4219,4,3,3,3,5,8,6886591034);
INSERT INTO `player_hands` VALUES (4239,11,3,9,0,3,8,6886638993);
INSERT INTO `player_hands` VALUES (4235,13,3,9,2,4,8,6886638993);
INSERT INTO `player_hands` VALUES (4238,13,2,2,1,1,8,6886638993);
INSERT INTO `player_hands` VALUES (4239,12,2,12,3,0,8,6886659949);
INSERT INTO `player_hands` VALUES (4235,9,3,9,1,1,8,6886659949);
INSERT INTO `player_hands` VALUES (4229,5,1,4,1,4,8,6886659949);
INSERT INTO `player_hands` VALUES (4229,10,2,5,1,2,8,6886673958);
INSERT INTO `player_hands` VALUES (4240,11,3,7,1,5,8,6886673958);
INSERT INTO `player_hands` VALUES (4229,12,2,6,1,0,8,6886688134);
INSERT INTO `player_hands` VALUES (3972,1,3,1,1,2,8,6886688134);
INSERT INTO `player_hands` VALUES (4239,13,0,8,2,7,9,6886741913);
INSERT INTO `player_hands` VALUES (4229,4,3,3,2,2,9,6886741913);
INSERT INTO `player_hands` VALUES (4240,5,3,4,0,5,9,6886741913);
INSERT INTO `player_hands` VALUES (4176,13,2,9,3,5,9,6886763837);
INSERT INTO `player_hands` VALUES (4229,13,3,12,1,8,9,6886763837);
INSERT INTO `player_hands` VALUES (4176,12,0,11,1,2,8,6886785401);
INSERT INTO `player_hands` VALUES (4229,6,2,6,1,4,8,6886785401);
INSERT INTO `player_hands` VALUES (4176,4,1,4,0,1,9,6886795216);
INSERT INTO `player_hands` VALUES (4229,12,2,10,3,4,9,6886795216);
INSERT INTO `player_hands` VALUES (3967,11,3,11,0,1,9,6886811242);
INSERT INTO `player_hands` VALUES (4229,12,3,10,1,2,9,6886811242);
INSERT INTO `player_hands` VALUES (4229,10,2,3,2,0,9,6886828722);
INSERT INTO `player_hands` VALUES (4240,7,3,3,3,3,9,6886828722);
INSERT INTO `player_hands` VALUES (4176,13,0,10,0,5,9,6886837003);
INSERT INTO `player_hands` VALUES (4240,12,1,10,2,2,9,6886837003);
INSERT INTO `player_hands` VALUES (4176,13,1,7,1,3,9,6886860102);
INSERT INTO `player_hands` VALUES (4240,11,1,8,1,8,9,6886860102);
INSERT INTO `player_hands` VALUES (4229,10,3,5,2,2,10,6886893005);
INSERT INTO `player_hands` VALUES (4244,8,3,6,3,5,10,6886893005);
INSERT INTO `player_hands` VALUES (4241,11,0,9,2,9,10,6886904535);
INSERT INTO `player_hands` VALUES (3835,12,0,12,3,2,10,6886904535);
INSERT INTO `player_hands` VALUES (4239,13,0,10,1,6,9,6886916296);
INSERT INTO `player_hands` VALUES (4244,11,1,5,1,3,9,6886916296);
INSERT INTO `player_hands` VALUES (4229,8,3,5,3,7,9,6886927513);
INSERT INTO `player_hands` VALUES (4243,12,0,7,0,0,9,6886927513);
INSERT INTO `player_hands` VALUES (4176,10,2,8,2,4,8,6886943199);
INSERT INTO `player_hands` VALUES (4244,11,3,6,3,0,8,6886943199);
INSERT INTO `player_hands` VALUES (4154,13,3,5,2,1,8,6886952769);
INSERT INTO `player_hands` VALUES (4239,12,1,11,1,2,8,6886952769);
INSERT INTO `player_hands` VALUES (4229,12,0,9,3,4,10,6886965951);
INSERT INTO `player_hands` VALUES (4246,12,3,11,0,6,10,6886965951);
INSERT INTO `player_hands` VALUES (4245,12,2,8,2,0,9,6886971939);
INSERT INTO `player_hands` VALUES (4247,11,1,10,0,1,9,6886971939);
INSERT INTO `player_hands` VALUES (4239,10,1,10,3,5,9,6887000908);
INSERT INTO `player_hands` VALUES (4244,7,1,6,1,2,9,6887000908);
INSERT INTO `player_hands` VALUES (4245,10,3,10,1,2,10,6887022012);
INSERT INTO `player_hands` VALUES (4242,4,1,4,0,9,10,6887022012);
INSERT INTO `player_hands` VALUES (4247,7,2,2,2,2,9,6887032190);
INSERT INTO `player_hands` VALUES (3835,13,3,12,3,4,9,6887032190);
INSERT INTO `player_hands` VALUES (4244,12,0,3,0,6,9,6887032190);
INSERT INTO `player_hands` VALUES (4245,11,0,11,1,0,10,6887040986);
INSERT INTO `player_hands` VALUES (4247,13,2,10,1,1,10,6887040986);
INSERT INTO `player_hands` VALUES (4239,12,3,11,3,7,10,6887054805);
INSERT INTO `player_hands` VALUES (4229,12,0,11,1,1,10,6887054805);
INSERT INTO `player_hands` VALUES (4248,11,0,10,2,9,10,6887062225);
INSERT INTO `player_hands` VALUES (4246,13,3,12,1,2,10,6887062225);
INSERT INTO `player_hands` VALUES (4229,13,3,8,2,9,10,6887070127);
INSERT INTO `player_hands` VALUES (4246,13,2,12,0,1,10,6887070127);
INSERT INTO `player_hands` VALUES (4247,13,3,11,2,6,10,6887077223);
INSERT INTO `player_hands` VALUES (4248,13,1,11,3,7,10,6887077223);
INSERT INTO `player_hands` VALUES (4154,11,0,4,2,2,10,6887083055);
INSERT INTO `player_hands` VALUES (4229,13,1,9,2,7,10,6887083055);
INSERT INTO `player_hands` VALUES (4239,12,3,5,3,1,10,6887092078);
INSERT INTO `player_hands` VALUES (4247,3,2,3,1,3,10,6887092078);
INSERT INTO `player_hands` VALUES (4247,11,3,3,3,2,10,6887097795);
INSERT INTO `player_hands` VALUES (4249,9,1,9,3,8,10,6887097795);
INSERT INTO `player_hands` VALUES (4229,11,0,6,3,3,10,6887106918);
INSERT INTO `player_hands` VALUES (4244,13,1,11,2,6,10,6887106918);
INSERT INTO `player_hands` VALUES (4247,8,3,8,2,0,10,6887113061);
INSERT INTO `player_hands` VALUES (4248,11,1,8,0,1,10,6887113061);
INSERT INTO `player_hands` VALUES (4239,13,0,10,2,6,9,6887117048);
INSERT INTO `player_hands` VALUES (4247,12,3,9,3,8,9,6887117048);
INSERT INTO `player_hands` VALUES (4239,13,0,12,3,5,9,6887123297);
INSERT INTO `player_hands` VALUES (4246,13,3,4,1,1,9,6887123297);
INSERT INTO `player_hands` VALUES (4229,13,1,2,1,4,9,6887144952);
INSERT INTO `player_hands` VALUES (4244,8,2,8,1,7,9,6887144952);
INSERT INTO `player_hands` VALUES (4245,9,2,1,2,1,9,6887152284);
INSERT INTO `player_hands` VALUES (4229,13,3,5,1,3,9,6887152284);
INSERT INTO `player_hands` VALUES (4239,7,1,7,3,8,10,6887162452);
INSERT INTO `player_hands` VALUES (4229,13,0,1,3,2,10,6887162452);
INSERT INTO `player_hands` VALUES (4229,5,3,3,3,1,10,6887168405);
INSERT INTO `player_hands` VALUES (3835,6,0,5,2,2,10,6887168405);
INSERT INTO `player_hands` VALUES (4244,10,0,10,3,4,10,6887168405);
INSERT INTO `player_hands` VALUES (4247,13,0,5,0,8,10,6887174946);
INSERT INTO `player_hands` VALUES (4246,8,2,4,3,2,10,6887174946);
INSERT INTO `player_hands` VALUES (4246,12,0,10,0,0,10,6887186958);
INSERT INTO `player_hands` VALUES (4249,7,0,6,0,2,10,6887186958);
INSERT INTO `player_hands` VALUES (4229,11,3,9,0,5,10,6887204961);
INSERT INTO `player_hands` VALUES (3835,13,3,13,0,6,10,6887204961);
INSERT INTO `player_hands` VALUES (4154,12,3,6,3,9,10,6887212045);
INSERT INTO `player_hands` VALUES (4247,7,1,2,0,2,10,6887212045);
INSERT INTO `player_hands` VALUES (4154,10,2,8,2,7,10,6887221067);
INSERT INTO `player_hands` VALUES (4229,12,0,10,0,2,10,6887221067);
INSERT INTO `player_hands` VALUES (3835,8,3,2,3,2,10,6887228530);
INSERT INTO `player_hands` VALUES (4249,11,1,10,1,5,10,6887228530);
INSERT INTO `player_hands` VALUES (4229,10,1,10,0,0,10,6887234557);
INSERT INTO `player_hands` VALUES (4246,8,1,8,2,2,10,6887234557);
INSERT INTO `player_hands` VALUES (4239,11,0,11,3,5,10,6887239731);
INSERT INTO `player_hands` VALUES (4244,13,3,1,1,2,10,6887239731);
INSERT INTO `player_hands` VALUES (4245,11,3,10,1,5,10,6887247757);
INSERT INTO `player_hands` VALUES (4229,13,2,1,0,8,10,6887247757);
INSERT INTO `player_hands` VALUES (4239,13,1,11,1,1,10,6887267760);
INSERT INTO `player_hands` VALUES (4229,8,1,8,2,5,10,6887267760);
INSERT INTO `player_hands` VALUES (4247,13,2,8,2,2,10,6887275906);
INSERT INTO `player_hands` VALUES (4246,13,0,10,2,6,10,6887275906);
INSERT INTO `player_hands` VALUES (4229,13,3,12,2,0,10,6887299411);
INSERT INTO `player_hands` VALUES (4246,13,1,5,1,2,10,6887299411);
INSERT INTO `player_hands` VALUES (4245,13,0,2,0,6,10,6887303910);
INSERT INTO `player_hands` VALUES (4244,6,1,5,1,2,10,6887303910);
INSERT INTO `player_hands` VALUES (4239,12,3,2,0,1,8,6887313687);
INSERT INTO `player_hands` VALUES (4245,3,3,1,3,2,8,6887313687);
INSERT INTO `player_hands` VALUES (4245,11,0,7,1,1,8,6887318459);
INSERT INTO `player_hands` VALUES (4229,10,1,9,2,4,8,6887318459);
INSERT INTO `player_hands` VALUES (4239,13,1,9,3,7,8,6887324398);
INSERT INTO `player_hands` VALUES (4247,13,2,8,3,1,8,6887324398);
INSERT INTO `player_hands` VALUES (4184,7,2,4,0,2,8,6887342445);
INSERT INTO `player_hands` VALUES (4229,13,0,12,1,6,8,6887342445);
INSERT INTO `player_hands` VALUES (4239,10,1,10,3,1,7,6887349538);
INSERT INTO `player_hands` VALUES (4229,12,3,7,3,4,7,6887349538);
INSERT INTO `player_hands` VALUES (4245,13,2,7,1,1,8,6887360810);
INSERT INTO `player_hands` VALUES (4229,12,3,11,0,4,8,6887360810);
INSERT INTO `player_hands` VALUES (4252,13,2,2,2,1,8,6887368373);
INSERT INTO `player_hands` VALUES (4251,11,3,9,2,6,8,6887368373);
INSERT INTO `player_hands` VALUES (4250,8,3,8,2,1,8,6887373810);
INSERT INTO `player_hands` VALUES (4229,13,3,7,0,2,8,6887373810);
INSERT INTO `player_hands` VALUES (4251,13,2,7,2,5,8,6887373810);
INSERT INTO `player_hands` VALUES (4229,9,1,8,2,7,8,6887384873);
INSERT INTO `player_hands` VALUES (4154,13,3,8,0,2,8,6887384873);
INSERT INTO `player_hands` VALUES (4239,12,0,1,2,2,9,6887393370);
INSERT INTO `player_hands` VALUES (4245,13,1,13,3,3,9,6887393370);
INSERT INTO `player_hands` VALUES (4239,12,0,11,2,4,7,6887407555);
INSERT INTO `player_hands` VALUES (3835,12,1,11,1,1,7,6887407555);
INSERT INTO `player_hands` VALUES (4239,12,2,12,3,0,8,6887423513);
INSERT INTO `player_hands` VALUES (4229,13,1,6,2,4,8,6887423513);
INSERT INTO `player_hands` VALUES (4229,11,3,9,1,3,10,6887428198);
INSERT INTO `player_hands` VALUES (4255,13,3,13,1,5,10,6887428198);
INSERT INTO `player_hands` VALUES (4239,13,0,11,3,3,10,6887453747);
INSERT INTO `player_hands` VALUES (4229,12,0,4,3,7,10,6887453747);
INSERT INTO `player_hands` VALUES (4239,5,2,5,0,2,10,6887458486);
INSERT INTO `player_hands` VALUES (3835,13,0,10,0,7,10,6887458486);
INSERT INTO `player_hands` VALUES (4239,12,1,11,2,1,10,6887465451);
INSERT INTO `player_hands` VALUES (4253,13,3,11,0,9,10,6887465451);
INSERT INTO `player_hands` VALUES (4239,11,1,11,0,0,10,6887470259);
INSERT INTO `player_hands` VALUES (4229,11,2,7,2,4,10,6887470259);
INSERT INTO `player_hands` VALUES (4229,9,0,3,3,1,10,6887484851);
INSERT INTO `player_hands` VALUES (3835,13,1,10,2,2,10,6887484851);
INSERT INTO `player_hands` VALUES (4255,13,2,4,0,3,10,6887484851);
INSERT INTO `player_hands` VALUES (4254,7,0,5,0,4,10,6887496373);
INSERT INTO `player_hands` VALUES (4255,6,0,1,0,1,10,6887496373);
INSERT INTO `player_hands` VALUES (4154,12,0,12,3,2,10,6887496373);
INSERT INTO `player_hands` VALUES (4254,7,0,7,3,2,10,6887507858);
INSERT INTO `player_hands` VALUES (4229,10,1,9,2,7,10,6887507858);
INSERT INTO `player_hands` VALUES (4239,10,0,8,1,1,10,6887522812);
INSERT INTO `player_hands` VALUES (4256,2,3,1,0,2,10,6887522812);
INSERT INTO `player_hands` VALUES (4239,13,0,13,3,0,10,6887530183);
INSERT INTO `player_hands` VALUES (4229,10,1,5,2,4,10,6887530183);
INSERT INTO `player_hands` VALUES (4254,4,1,4,3,7,10,6887541232);
INSERT INTO `player_hands` VALUES (4229,11,2,10,3,2,10,6887541232);
INSERT INTO `player_hands` VALUES (3835,11,1,10,0,2,10,6887546424);
INSERT INTO `player_hands` VALUES (4255,1,0,1,1,3,10,6887546424);
INSERT INTO `player_hands` VALUES (4254,11,3,11,2,5,10,6887551681);
INSERT INTO `player_hands` VALUES (3835,13,3,13,1,1,10,6887551681);
INSERT INTO `player_hands` VALUES (4256,13,1,12,1,4,9,6887561770);
INSERT INTO `player_hands` VALUES (4229,10,0,9,2,7,9,6887561770);
INSERT INTO `player_hands` VALUES (4229,12,0,3,3,6,10,6887573031);
INSERT INTO `player_hands` VALUES (4154,13,1,11,2,9,10,6887573031);
INSERT INTO `player_hands` VALUES (4252,12,2,9,2,3,10,6887579352);
INSERT INTO `player_hands` VALUES (4250,13,1,13,3,4,10,6887579352);
INSERT INTO `player_hands` VALUES (4257,13,3,12,1,8,10,6887592166);
INSERT INTO `player_hands` VALUES (4252,13,1,12,0,1,10,6887592166);
INSERT INTO `player_hands` VALUES (4255,10,3,5,3,5,10,6887592166);
INSERT INTO `player_hands` VALUES (4229,10,2,8,1,2,10,6887599176);
INSERT INTO `player_hands` VALUES (4154,7,1,7,0,5,10,6887599176);
INSERT INTO `player_hands` VALUES (4253,4,2,4,0,6,10,6887599176);
INSERT INTO `player_hands` VALUES (4229,12,2,10,1,1,10,6887607932);
INSERT INTO `player_hands` VALUES (4255,7,1,1,1,3,10,6887607932);
INSERT INTO `player_hands` VALUES (4239,12,1,10,0,3,10,6887624140);
INSERT INTO `player_hands` VALUES (4229,12,2,8,1,7,10,6887624140);
INSERT INTO `player_hands` VALUES (4229,11,0,9,3,4,9,6887634294);
INSERT INTO `player_hands` VALUES (4255,13,1,5,3,6,9,6887634294);
INSERT INTO `player_hands` VALUES (4259,4,2,1,0,2,10,6887640820);
INSERT INTO `player_hands` VALUES (4255,13,1,2,0,4,10,6887640820);
INSERT INTO `player_hands` VALUES (4250,13,2,12,3,3,8,6887666624);
INSERT INTO `player_hands` VALUES (4255,11,2,6,2,6,8,6887666624);
INSERT INTO `player_hands` VALUES (4258,13,1,13,2,0,8,6887670455);
INSERT INTO `player_hands` VALUES (4154,9,3,9,1,6,8,6887670455);
INSERT INTO `player_hands` VALUES (4259,1,3,1,0,1,8,6887679703);
INSERT INTO `player_hands` VALUES (3835,11,0,6,0,2,8,6887679703);
INSERT INTO `player_hands` VALUES (4257,12,2,12,1,0,8,6887698135);
INSERT INTO `player_hands` VALUES (4258,13,1,13,3,1,8,6887698135);
INSERT INTO `player_hands` VALUES (4260,10,3,8,3,2,8,6887698135);
INSERT INTO `player_hands` VALUES (4255,7,1,4,1,7,8,6887698135);
/*!40000 ALTER TABLE `player_hands` ENABLE KEYS */;
UNLOCK TABLES;

--
-- Table structure for table `players`
--

DROP TABLE IF EXISTS `players`;
CREATE TABLE `players` (
  `player_id` int(10) unsigned NOT NULL auto_increment,
  `site_id` int(10) unsigned NOT NULL default '0',
  `name` varchar(32) NOT NULL default '',
  PRIMARY KEY  (`player_id`)
) ENGINE=MyISAM AUTO_INCREMENT=4261 DEFAULT CHARSET=utf8;

--
-- Dumping data for table `players`
--

LOCK TABLES `players` WRITE;
/*!40000 ALTER TABLE `players` DISABLE KEYS */;
INSERT INTO `players` VALUES (3785,1,'xk3Rnx');
INSERT INTO `players` VALUES (3786,1,'netguider');
INSERT INTO `players` VALUES (3787,1,'Flagle');
INSERT INTO `players` VALUES (3788,1,'april80500');
INSERT INTO `players` VALUES (3789,1,'ballou67');
INSERT INTO `players` VALUES (3790,1,'dragonsilver');
INSERT INTO `players` VALUES (3791,1,'blwwitt');
INSERT INTO `players` VALUES (3792,1,'wendywendy');
INSERT INTO `players` VALUES (3793,1,'A A 2 3 5 8 K');
INSERT INTO `players` VALUES (3794,1,'Hardcore Carter');
INSERT INTO `players` VALUES (3795,1,'holdittight');
INSERT INTO `players` VALUES (3796,1,'Mszimba');
INSERT INTO `players` VALUES (3797,1,'LrdNikon');
INSERT INTO `players` VALUES (3798,1,'undertheradar2');
INSERT INTO `players` VALUES (3799,1,'kaysred');
INSERT INTO `players` VALUES (3800,1,'knutsens');
INSERT INTO `players` VALUES (3801,1,'RobsterGiuls');
INSERT INTO `players` VALUES (3802,1,'Ernie91821');
INSERT INTO `players` VALUES (3803,1,'xclamation');
INSERT INTO `players` VALUES (3804,1,'Dr Neb');
INSERT INTO `players` VALUES (3805,1,'golden goddess');
INSERT INTO `players` VALUES (3806,1,'CANDY QUEEN');
INSERT INTO `players` VALUES (3807,1,'acegirl51');
INSERT INTO `players` VALUES (3808,1,'LiQQwidLove');
INSERT INTO `players` VALUES (3809,1,'enbeibi');
INSERT INTO `players` VALUES (3810,1,'evelripper');
INSERT INTO `players` VALUES (3811,1,'gacacsjo11');
INSERT INTO `players` VALUES (3812,1,'fampharm07');
INSERT INTO `players` VALUES (3813,1,'BaronSukumvit');
INSERT INTO `players` VALUES (3814,1,'Thor3gs');
INSERT INTO `players` VALUES (3815,1,'fuggedabodit');
INSERT INTO `players` VALUES (3816,1,'philrose');
INSERT INTO `players` VALUES (3817,1,'Hind Mi24');
INSERT INTO `players` VALUES (3818,1,'Bowbldr');
INSERT INTO `players` VALUES (3819,1,'kshinyshoesk');
INSERT INTO `players` VALUES (3820,1,'meep meep');
INSERT INTO `players` VALUES (3821,1,'Bake276');
INSERT INTO `players` VALUES (3822,1,'jimmy_chan');
INSERT INTO `players` VALUES (3823,1,'CX25YY');
INSERT INTO `players` VALUES (3824,1,'hyphenated');
INSERT INTO `players` VALUES (3825,1,'BrewTheJava');
INSERT INTO `players` VALUES (3826,1,'jdoggy9');
INSERT INTO `players` VALUES (3827,1,'GroundDown');
INSERT INTO `players` VALUES (3828,1,'SjR777');
INSERT INTO `players` VALUES (3829,1,'Mooftaz');
INSERT INTO `players` VALUES (3830,1,'Dapperdan33');
INSERT INTO `players` VALUES (3831,1,'rypinoy');
INSERT INTO `players` VALUES (3832,1,'Hejduk');
INSERT INTO `players` VALUES (3833,1,'ptrt17');
INSERT INTO `players` VALUES (3834,2,'SaFr KiDd 7');
INSERT INTO `players` VALUES (3835,2,'1,1,2,3,5');
INSERT INTO `players` VALUES (3836,2,'jmb3000');
INSERT INTO `players` VALUES (3837,2,'Lance2005');
INSERT INTO `players` VALUES (3838,2,'vikkvikk');
INSERT INTO `players` VALUES (3839,2,'Big_Lon_10');
INSERT INTO `players` VALUES (3840,2,'aldine07');
INSERT INTO `players` VALUES (3841,2,'hammy_552');
INSERT INTO `players` VALUES (3842,2,'Folksy');
INSERT INTO `players` VALUES (3843,2,'luca22');
INSERT INTO `players` VALUES (3844,2,'WeenieBeenie');
INSERT INTO `players` VALUES (3845,2,'mr_pavel');
INSERT INTO `players` VALUES (3846,2,'mcgoo51');
INSERT INTO `players` VALUES (3847,2,'jerry-777');
INSERT INTO `players` VALUES (3848,2,'gball54');
INSERT INTO `players` VALUES (3849,2,'cup0joe');
INSERT INTO `players` VALUES (3850,2,'nukanook');
INSERT INTO `players` VALUES (3851,2,'tinablad');
INSERT INTO `players` VALUES (3852,2,'denysdf69');
INSERT INTO `players` VALUES (3853,2,'kelp9');
INSERT INTO `players` VALUES (3854,2,'shizmoney');
INSERT INTO `players` VALUES (3855,2,'judoh');
INSERT INTO `players` VALUES (3856,2,'jcflori');
INSERT INTO `players` VALUES (3857,2,'damom');
INSERT INTO `players` VALUES (3858,2,'EbonyAdder');
INSERT INTO `players` VALUES (3859,2,'HesBluffingx');
INSERT INTO `players` VALUES (3860,2,'DiceDreamer');
INSERT INTO `players` VALUES (3861,2,'baseball20');
INSERT INTO `players` VALUES (3862,2,'DREY X');
INSERT INTO `players` VALUES (3863,2,'sean3332');
INSERT INTO `players` VALUES (3864,2,'nnatti8');
INSERT INTO `players` VALUES (3865,2,'plastic');
INSERT INTO `players` VALUES (3866,2,'1234512345');
INSERT INTO `players` VALUES (3867,2,'thebigtrain');
INSERT INTO `players` VALUES (3868,2,'fastleo');
INSERT INTO `players` VALUES (3869,2,'houstondz');
INSERT INTO `players` VALUES (3870,2,'cballanti');
INSERT INTO `players` VALUES (3871,2,'gnktow');
INSERT INTO `players` VALUES (3872,2,'BigwormPHS');
INSERT INTO `players` VALUES (3873,2,'Greasy Rat');
INSERT INTO `players` VALUES (3874,2,'Debbo');
INSERT INTO `players` VALUES (3875,2,'ACE_Fish1');
INSERT INTO `players` VALUES (3876,2,'kms147');
INSERT INTO `players` VALUES (3877,2,'Dexter888111');
INSERT INTO `players` VALUES (3878,2,'wrinkles0');
INSERT INTO `players` VALUES (3879,2,'djskyline');
INSERT INTO `players` VALUES (3880,2,'Hucklybuck');
INSERT INTO `players` VALUES (3881,2,'ROCKSOFT');
INSERT INTO `players` VALUES (3882,2,'txflyboy');
INSERT INTO `players` VALUES (3883,2,'octandre');
INSERT INTO `players` VALUES (3884,2,'Trekgrl');
INSERT INTO `players` VALUES (3885,2,'gastric');
INSERT INTO `players` VALUES (3886,2,'Sembera');
INSERT INTO `players` VALUES (3887,2,'mad mccann');
INSERT INTO `players` VALUES (3888,2,'dejci');
INSERT INTO `players` VALUES (3889,2,'pokrlosr');
INSERT INTO `players` VALUES (3890,2,'Dirk770605');
INSERT INTO `players` VALUES (3891,2,'porkygirl');
INSERT INTO `players` VALUES (3892,2,'Snaggles');
INSERT INTO `players` VALUES (3893,2,'Snackowicz');
INSERT INTO `players` VALUES (3894,2,'BrickByBrik1');
INSERT INTO `players` VALUES (3895,2,'baca80');
INSERT INTO `players` VALUES (3896,2,'poppa_shot');
INSERT INTO `players` VALUES (3897,2,'Kittyfooface');
INSERT INTO `players` VALUES (3898,2,'jeramadon');
INSERT INTO `players` VALUES (3899,2,'zippy667');
INSERT INTO `players` VALUES (3900,2,'Sabastian69');
INSERT INTO `players` VALUES (3901,2,'Wideglide02');
INSERT INTO `players` VALUES (3902,2,'puppywolf');
INSERT INTO `players` VALUES (3903,2,'may50');
INSERT INTO `players` VALUES (3904,2,'k521s');
INSERT INTO `players` VALUES (3905,2,'Jeffcd');
INSERT INTO `players` VALUES (3906,2,'slats60');
INSERT INTO `players` VALUES (3907,2,'Isabelle G');
INSERT INTO `players` VALUES (3908,2,'Acts29');
INSERT INTO `players` VALUES (3909,2,'Markw1');
INSERT INTO `players` VALUES (3910,2,'sprfcta');
INSERT INTO `players` VALUES (3911,2,'DrChagoyo');
INSERT INTO `players` VALUES (3912,2,'akatdrake');
INSERT INTO `players` VALUES (3913,2,'ditch3');
INSERT INTO `players` VALUES (3914,2,'rock_tight2');
INSERT INTO `players` VALUES (3915,2,'sophietucker');
INSERT INTO `players` VALUES (3916,2,'CMONEYone0');
INSERT INTO `players` VALUES (3917,2,'wishboneC');
INSERT INTO `players` VALUES (3918,2,'Hollycute');
INSERT INTO `players` VALUES (3919,2,'bklyn1978');
INSERT INTO `players` VALUES (3920,2,'jeffamy419');
INSERT INTO `players` VALUES (3921,2,'girthdog');
INSERT INTO `players` VALUES (3922,2,'BigTexan34');
INSERT INTO `players` VALUES (3923,2,'BunnyMcL');
INSERT INTO `players` VALUES (3924,2,'drclean911');
INSERT INTO `players` VALUES (3925,2,'blueieagle');
INSERT INTO `players` VALUES (3926,2,'dogman222');
INSERT INTO `players` VALUES (3927,2,'ThudJr');
INSERT INTO `players` VALUES (3928,2,'websrfn');
INSERT INTO `players` VALUES (3929,2,'dulky');
INSERT INTO `players` VALUES (3930,2,'xXABXx');
INSERT INTO `players` VALUES (3931,2,'AbsentArson');
INSERT INTO `players` VALUES (3932,2,'isd833');
INSERT INTO `players` VALUES (3933,2,'JohnHBonham');
INSERT INTO `players` VALUES (3934,2,'Jacob-Bear');
INSERT INTO `players` VALUES (3935,2,'dida4');
INSERT INTO `players` VALUES (3936,2,'kiro333');
INSERT INTO `players` VALUES (3937,2,'Loonie3006');
INSERT INTO `players` VALUES (3938,2,'whitefolks82');
INSERT INTO `players` VALUES (3939,2,'hamptonshang');
INSERT INTO `players` VALUES (3940,2,'MICKEYDO7');
INSERT INTO `players` VALUES (3941,2,'mcall201');
INSERT INTO `players` VALUES (3942,2,'mrm2005');
INSERT INTO `players` VALUES (3943,2,'45&N8Ball');
INSERT INTO `players` VALUES (3944,2,'ugonemad');
INSERT INTO `players` VALUES (3945,2,'KingBishop3');
INSERT INTO `players` VALUES (3946,2,'NM _MAVERICK');
INSERT INTO `players` VALUES (3947,2,'chenxiang');
INSERT INTO `players` VALUES (3948,2,'Scarface_rip');
INSERT INTO `players` VALUES (3949,2,'letsrollrite');
INSERT INTO `players` VALUES (3950,2,'craigmatt');
INSERT INTO `players` VALUES (3951,2,'capergal27');
INSERT INTO `players` VALUES (3952,2,'LuckPJ');
INSERT INTO `players` VALUES (3953,2,'9pay99');
INSERT INTO `players` VALUES (3954,2,'BlueRidge09');
INSERT INTO `players` VALUES (3955,2,'niniski');
INSERT INTO `players` VALUES (3956,2,'et7908');
INSERT INTO `players` VALUES (3957,2,'cubsdiehard');
INSERT INTO `players` VALUES (3958,2,'ShadowSpeak');
INSERT INTO `players` VALUES (3959,2,'mr. robelo');
INSERT INTO `players` VALUES (3960,2,'DOWS3R');
INSERT INTO `players` VALUES (3961,2,'Bananino');
INSERT INTO `players` VALUES (3962,2,'earck');
INSERT INTO `players` VALUES (3963,2,'pollytunia');
INSERT INTO `players` VALUES (3964,2,'DougTim');
INSERT INTO `players` VALUES (3965,2,'linxiliang');
INSERT INTO `players` VALUES (3966,2,'jwpepa');
INSERT INTO `players` VALUES (3967,2,'Robshev');
INSERT INTO `players` VALUES (3968,2,'Lil\'Spongey');
INSERT INTO `players` VALUES (3969,2,'RyanT55');
INSERT INTO `players` VALUES (3970,2,'michaelyee');
INSERT INTO `players` VALUES (3971,2,'zhgj9988');
INSERT INTO `players` VALUES (3972,2,'MikeD521');
INSERT INTO `players` VALUES (3973,2,'sj831010');
INSERT INTO `players` VALUES (3974,2,'kevinwail');
INSERT INTO `players` VALUES (3975,2,'NeuroAce');
INSERT INTO `players` VALUES (3976,2,'zenst4r');
INSERT INTO `players` VALUES (3977,2,'skman40');
INSERT INTO `players` VALUES (3978,2,'ladyluckent.');
INSERT INTO `players` VALUES (3979,2,'~~IGWT~~');
INSERT INTO `players` VALUES (3980,2,'CharginWapos');
INSERT INTO `players` VALUES (3981,2,'battery777');
INSERT INTO `players` VALUES (3982,2,'sdsteve56');
INSERT INTO `players` VALUES (3983,2,'HighlandLion');
INSERT INTO `players` VALUES (3984,2,'SHAYSHAYSHAY');
INSERT INTO `players` VALUES (3985,2,'13demon');
INSERT INTO `players` VALUES (3986,2,'AA88_AA88');
INSERT INTO `players` VALUES (3987,2,'LN8268');
INSERT INTO `players` VALUES (3988,2,'davidhhj');
INSERT INTO `players` VALUES (3989,2,'rlucero27');
INSERT INTO `players` VALUES (3990,2,'BKin');
INSERT INTO `players` VALUES (3991,2,'I jak off');
INSERT INTO `players` VALUES (3992,2,'Chameleon777');
INSERT INTO `players` VALUES (3993,2,'NORUS');
INSERT INTO `players` VALUES (3994,2,'wmanatau');
INSERT INTO `players` VALUES (3995,2,'Xcoco');
INSERT INTO `players` VALUES (3996,2,'unbeliever20');
INSERT INTO `players` VALUES (3997,2,'ShermDAWG222');
INSERT INTO `players` VALUES (3998,2,'Par3Eagle');
INSERT INTO `players` VALUES (3999,2,'cricket242');
INSERT INTO `players` VALUES (4000,2,'rubicon55');
INSERT INTO `players` VALUES (4001,2,'ezero');
INSERT INTO `players` VALUES (4002,2,'vw1967');
INSERT INTO `players` VALUES (4003,2,'I\'MANIDOT');
INSERT INTO `players` VALUES (4004,2,'xsearcher');
INSERT INTO `players` VALUES (4005,2,'kaffe13');
INSERT INTO `players` VALUES (4006,2,'ffff4444');
INSERT INTO `players` VALUES (4007,2,'ducksrme');
INSERT INTO `players` VALUES (4008,2,'doctor_pain1');
INSERT INTO `players` VALUES (4009,2,'warmblanket');
INSERT INTO `players` VALUES (4010,2,'joevilla');
INSERT INTO `players` VALUES (4011,2,'Climberboi');
INSERT INTO `players` VALUES (4012,2,'nato22');
INSERT INTO `players` VALUES (4013,2,'ja dumas09');
INSERT INTO `players` VALUES (4014,2,'spv0507');
INSERT INTO `players` VALUES (4015,2,'LJ06');
INSERT INTO `players` VALUES (4016,2,'blaze_125');
INSERT INTO `players` VALUES (4017,2,'HeffeMonster');
INSERT INTO `players` VALUES (4018,2,'yllekhtap');
INSERT INTO `players` VALUES (4019,2,'Azurelimits');
INSERT INTO `players` VALUES (4020,2,'*brie*05');
INSERT INTO `players` VALUES (4021,2,'Lazeejl');
INSERT INTO `players` VALUES (4022,2,'Velstrenz');
INSERT INTO `players` VALUES (4023,2,'Holie Roller');
INSERT INTO `players` VALUES (4024,2,'HoldemLoggy');
INSERT INTO `players` VALUES (4025,2,'Sarli Coke');
INSERT INTO `players` VALUES (4026,2,'raidlak');
INSERT INTO `players` VALUES (4027,2,'LarkMarlow');
INSERT INTO `players` VALUES (4028,2,'CyberYoda');
INSERT INTO `players` VALUES (4029,2,'naranjit');
INSERT INTO `players` VALUES (4030,2,'ruthieannie');
INSERT INTO `players` VALUES (4031,2,'Almighty_AK');
INSERT INTO `players` VALUES (4032,2,'fulgor4');
INSERT INTO `players` VALUES (4033,2,'GenoPacino');
INSERT INTO `players` VALUES (4034,2,'Vikings2005');
INSERT INTO `players` VALUES (4035,2,'Scomiclab');
INSERT INTO `players` VALUES (4036,2,'spartasteve');
INSERT INTO `players` VALUES (4037,2,'AC610');
INSERT INTO `players` VALUES (4038,2,'Bigboss12345');
INSERT INTO `players` VALUES (4039,2,'FR Vessant');
INSERT INTO `players` VALUES (4040,2,'Country10');
INSERT INTO `players` VALUES (4041,2,'pawpaw413');
INSERT INTO `players` VALUES (4042,2,'SqueezeBox');
INSERT INTO `players` VALUES (4043,2,'Makusan');
INSERT INTO `players` VALUES (4044,2,'calepero');
INSERT INTO `players` VALUES (4045,2,'Gr8Tee\'s');
INSERT INTO `players` VALUES (4046,2,'Roo13');
INSERT INTO `players` VALUES (4047,2,'FrankyJ');
INSERT INTO `players` VALUES (4048,2,'deepspace68');
INSERT INTO `players` VALUES (4049,2,'stockace');
INSERT INTO `players` VALUES (4050,2,'13BD');
INSERT INTO `players` VALUES (4051,2,'soup398');
INSERT INTO `players` VALUES (4052,2,'DrDave6');
INSERT INTO `players` VALUES (4053,2,'waymore1');
INSERT INTO `players` VALUES (4054,2,'fred49');
INSERT INTO `players` VALUES (4055,2,'BIG FLOPPY 1');
INSERT INTO `players` VALUES (4056,2,'kiwionriver');
INSERT INTO `players` VALUES (4057,2,'finztothelft');
INSERT INTO `players` VALUES (4058,2,'Glide Or');
INSERT INTO `players` VALUES (4059,2,'migblafi');
INSERT INTO `players` VALUES (4060,2,'philgordon21');
INSERT INTO `players` VALUES (4061,2,'VonMuse');
INSERT INTO `players` VALUES (4062,2,'JMAC60');
INSERT INTO `players` VALUES (4063,2,'Haek82');
INSERT INTO `players` VALUES (4064,2,'dogbert888');
INSERT INTO `players` VALUES (4065,2,'peakrnr');
INSERT INTO `players` VALUES (4066,2,'RUSTY W 2');
INSERT INTO `players` VALUES (4067,2,'Deadlydoji');
INSERT INTO `players` VALUES (4068,2,'rockwhack');
INSERT INTO `players` VALUES (4069,2,'YATAHA740');
INSERT INTO `players` VALUES (4070,2,'Diego pb');
INSERT INTO `players` VALUES (4071,2,'UncHerb38');
INSERT INTO `players` VALUES (4072,2,'JmacnmeCrazy');
INSERT INTO `players` VALUES (4073,2,'Marcoj916');
INSERT INTO `players` VALUES (4074,2,'Rockush420');
INSERT INTO `players` VALUES (4075,2,'1nyyfan');
INSERT INTO `players` VALUES (4076,2,'dsa8088');
INSERT INTO `players` VALUES (4077,2,'TheoParrish');
INSERT INTO `players` VALUES (4078,2,'lamb1142');
INSERT INTO `players` VALUES (4079,2,'Thumbber');
INSERT INTO `players` VALUES (4080,2,'w.t. spartan');
INSERT INTO `players` VALUES (4081,2,'wpcrso');
INSERT INTO `players` VALUES (4082,2,'ericlb111');
INSERT INTO `players` VALUES (4083,2,'outflushed2');
INSERT INTO `players` VALUES (4084,2,'Gerryc009');
INSERT INTO `players` VALUES (4085,2,'Moooose');
INSERT INTO `players` VALUES (4086,2,'JUNin');
INSERT INTO `players` VALUES (4087,2,'MrKGBoreoman');
INSERT INTO `players` VALUES (4088,2,'OCbarrister');
INSERT INTO `players` VALUES (4089,2,'call_me_pug');
INSERT INTO `players` VALUES (4090,2,'AOSD');
INSERT INTO `players` VALUES (4091,2,'Turkey1001');
INSERT INTO `players` VALUES (4092,2,'Redman102');
INSERT INTO `players` VALUES (4093,2,'Scylla');
INSERT INTO `players` VALUES (4094,2,'krofty');
INSERT INTO `players` VALUES (4095,2,'Lawdog42');
INSERT INTO `players` VALUES (4096,2,'SwaggerCanon');
INSERT INTO `players` VALUES (4097,2,'BBmack');
INSERT INTO `players` VALUES (4098,2,'budgirl49');
INSERT INTO `players` VALUES (4099,2,'bruno1978');
INSERT INTO `players` VALUES (4100,2,'ups07');
INSERT INTO `players` VALUES (4101,2,'circus20');
INSERT INTO `players` VALUES (4102,2,'SnnyListon');
INSERT INTO `players` VALUES (4103,2,'Mr.Grace81');
INSERT INTO `players` VALUES (4104,2,'markchang');
INSERT INTO `players` VALUES (4105,2,'wastedpawn');
INSERT INTO `players` VALUES (4106,2,'Muleskinin');
INSERT INTO `players` VALUES (4107,2,'Marc20');
INSERT INTO `players` VALUES (4108,2,'Ciera44');
INSERT INTO `players` VALUES (4109,2,'Rehmbo');
INSERT INTO `players` VALUES (4110,2,'chester101');
INSERT INTO `players` VALUES (4111,2,'SNAKEEYES828');
INSERT INTO `players` VALUES (4112,2,'BillyRay3431');
INSERT INTO `players` VALUES (4113,2,'ppxstylez');
INSERT INTO `players` VALUES (4114,2,'Yodasnews');
INSERT INTO `players` VALUES (4115,2,'pach12-19');
INSERT INTO `players` VALUES (4116,2,'aklucifer');
INSERT INTO `players` VALUES (4117,2,'sisyphus_rex');
INSERT INTO `players` VALUES (4118,2,'msa007');
INSERT INTO `players` VALUES (4119,2,'pokerhontus');
INSERT INTO `players` VALUES (4120,2,'misterdc');
INSERT INTO `players` VALUES (4121,2,'chopperhound');
INSERT INTO `players` VALUES (4122,2,'slickblue200');
INSERT INTO `players` VALUES (4123,2,'photocraft');
INSERT INTO `players` VALUES (4124,2,'hibbdaddy');
INSERT INTO `players` VALUES (4125,2,'gubt');
INSERT INTO `players` VALUES (4126,2,'Renald cigar');
INSERT INTO `players` VALUES (4127,2,'ibgman7');
INSERT INTO `players` VALUES (4128,2,'princeton');
INSERT INTO `players` VALUES (4129,2,'CrMenace');
INSERT INTO `players` VALUES (4130,2,'MyMoolah');
INSERT INTO `players` VALUES (4131,2,'Sevlar');
INSERT INTO `players` VALUES (4132,2,'belto');
INSERT INTO `players` VALUES (4133,2,'jonq9s');
INSERT INTO `players` VALUES (4134,2,'taz91955');
INSERT INTO `players` VALUES (4135,2,'HouseWay');
INSERT INTO `players` VALUES (4136,2,'r9d9');
INSERT INTO `players` VALUES (4137,2,'A-Train-to-1');
INSERT INTO `players` VALUES (4138,2,'goldeng123');
INSERT INTO `players` VALUES (4139,2,'SatoriKid');
INSERT INTO `players` VALUES (4140,2,'SPr33');
INSERT INTO `players` VALUES (4141,2,'Jak Staw');
INSERT INTO `players` VALUES (4142,2,'fishinpete');
INSERT INTO `players` VALUES (4143,2,'Mouthie99');
INSERT INTO `players` VALUES (4144,2,'wedge1076');
INSERT INTO `players` VALUES (4145,2,'doc3993');
INSERT INTO `players` VALUES (4146,2,'TLRider56');
INSERT INTO `players` VALUES (4147,2,'HillyBomb');
INSERT INTO `players` VALUES (4148,2,'SuperPanda22');
INSERT INTO `players` VALUES (4149,2,'ROKrc');
INSERT INTO `players` VALUES (4150,2,'Expresso');
INSERT INTO `players` VALUES (4151,2,'obscurephilo');
INSERT INTO `players` VALUES (4152,2,'NCBELLE');
INSERT INTO `players` VALUES (4153,2,'SRG69');
INSERT INTO `players` VALUES (4154,2,'RamaequeRex');
INSERT INTO `players` VALUES (4155,2,'SNJ222');
INSERT INTO `players` VALUES (4156,2,'jason403');
INSERT INTO `players` VALUES (4157,2,'windowlion');
INSERT INTO `players` VALUES (4158,2,'Thorarin3');
INSERT INTO `players` VALUES (4159,2,'qwenohearts');
INSERT INTO `players` VALUES (4160,2,'Sedona Hart');
INSERT INTO `players` VALUES (4161,2,'zero2zero');
INSERT INTO `players` VALUES (4162,2,'1hunnydoo');
INSERT INTO `players` VALUES (4163,2,'carlptr');
INSERT INTO `players` VALUES (4164,2,'teneighty101');
INSERT INTO `players` VALUES (4165,2,'GB_in_AZ');
INSERT INTO `players` VALUES (4166,2,'booker182');
INSERT INTO `players` VALUES (4167,2,'apretado');
INSERT INTO `players` VALUES (4168,2,'Jefftrez');
INSERT INTO `players` VALUES (4169,2,'Gregory06');
INSERT INTO `players` VALUES (4170,2,'nave22');
INSERT INTO `players` VALUES (4171,2,'gghoo');
INSERT INTO `players` VALUES (4172,2,'sterlingirl');
INSERT INTO `players` VALUES (4173,2,'No_gravity');
INSERT INTO `players` VALUES (4174,2,'pitwieler');
INSERT INTO `players` VALUES (4175,2,'chipshigh29');
INSERT INTO `players` VALUES (4176,2,'Gregle');
INSERT INTO `players` VALUES (4177,2,'feetoes');
INSERT INTO `players` VALUES (4178,2,'beng1010');
INSERT INTO `players` VALUES (4179,2,'DannyxOcean');
INSERT INTO `players` VALUES (4180,2,'mailman6699');
INSERT INTO `players` VALUES (4181,2,'FrisB33');
INSERT INTO `players` VALUES (4182,2,'benfranklin');
INSERT INTO `players` VALUES (4183,2,'Trip999z');
INSERT INTO `players` VALUES (4184,2,'TATUMJADE');
INSERT INTO `players` VALUES (4185,2,'EBooms');
INSERT INTO `players` VALUES (4186,2,'tlkfthtwn');
INSERT INTO `players` VALUES (4187,2,'milkyway2209');
INSERT INTO `players` VALUES (4188,2,'all-inloco');
INSERT INTO `players` VALUES (4189,2,'mufahula');
INSERT INTO `players` VALUES (4190,2,'Josephine7');
INSERT INTO `players` VALUES (4191,2,'rubberball');
INSERT INTO `players` VALUES (4192,2,'RockNHigh');
INSERT INTO `players` VALUES (4193,2,'DUQUENSEA');
INSERT INTO `players` VALUES (4194,2,'T-jack235');
INSERT INTO `players` VALUES (4195,2,'theContinuum');
INSERT INTO `players` VALUES (4196,2,'hangete');
INSERT INTO `players` VALUES (4197,2,'randy756');
INSERT INTO `players` VALUES (4198,2,'supreme20');
INSERT INTO `players` VALUES (4199,2,'NyqZoo');
INSERT INTO `players` VALUES (4200,2,'tr_59');
INSERT INTO `players` VALUES (4201,2,'Sid5568');
INSERT INTO `players` VALUES (4202,2,'XTANSTAAFLX');
INSERT INTO `players` VALUES (4203,2,'MirrorLady');
INSERT INTO `players` VALUES (4204,2,'Caligard');
INSERT INTO `players` VALUES (4205,2,'Kurisma');
INSERT INTO `players` VALUES (4206,2,'silvershank8');
INSERT INTO `players` VALUES (4207,2,'ItalianAce23');
INSERT INTO `players` VALUES (4208,2,'elguevon');
INSERT INTO `players` VALUES (4209,2,'pkrgonewild1');
INSERT INTO `players` VALUES (4210,2,'noddy72');
INSERT INTO `players` VALUES (4211,2,'D D\'Alessio');
INSERT INTO `players` VALUES (4212,2,'Skippytime');
INSERT INTO `players` VALUES (4213,2,'iacoah');
INSERT INTO `players` VALUES (4214,2,'fatchodes');
INSERT INTO `players` VALUES (4215,2,'PartyBee');
INSERT INTO `players` VALUES (4216,2,'SmplyBst');
INSERT INTO `players` VALUES (4217,2,'EvilGeniusAA');
INSERT INTO `players` VALUES (4218,2,'Drakr');
INSERT INTO `players` VALUES (4219,2,'big_d17m');
INSERT INTO `players` VALUES (4220,2,'puffer4dub');
INSERT INTO `players` VALUES (4221,2,'Umblongodda');
INSERT INTO `players` VALUES (4222,2,'farnemo');
INSERT INTO `players` VALUES (4223,2,'suerte17');
INSERT INTO `players` VALUES (4224,2,'KharmaKing');
INSERT INTO `players` VALUES (4225,2,'debwad');
INSERT INTO `players` VALUES (4226,2,'boot9094');
INSERT INTO `players` VALUES (4227,2,'Oreily78');
INSERT INTO `players` VALUES (4228,2,'llyoda');
INSERT INTO `players` VALUES (4229,2,'BLTK');
INSERT INTO `players` VALUES (4230,2,'Shironimo');
INSERT INTO `players` VALUES (4231,2,'SMUDGE20744');
INSERT INTO `players` VALUES (4232,2,'x1mrsmithx1');
INSERT INTO `players` VALUES (4233,2,'strombi');
INSERT INTO `players` VALUES (4234,2,'SeanThornton');
INSERT INTO `players` VALUES (4235,2,'nolimitdank');
INSERT INTO `players` VALUES (4236,2,'star20680');
INSERT INTO `players` VALUES (4237,2,'Dandolos');
INSERT INTO `players` VALUES (4238,2,'jr1083');
INSERT INTO `players` VALUES (4239,2,'JPG_man_33');
INSERT INTO `players` VALUES (4240,2,'Bianca77');
INSERT INTO `players` VALUES (4241,2,'DenverAce');
INSERT INTO `players` VALUES (4242,2,'LilClinkin');
INSERT INTO `players` VALUES (4243,2,'SellMeSomeMo');
INSERT INTO `players` VALUES (4244,2,'sgdizzy');
INSERT INTO `players` VALUES (4245,2,'AugsterO');
INSERT INTO `players` VALUES (4246,2,'peeps55');
INSERT INTO `players` VALUES (4247,2,'Vasputen');
INSERT INTO `players` VALUES (4248,2,'akaeeyore');
INSERT INTO `players` VALUES (4249,2,'river_60y');
INSERT INTO `players` VALUES (4250,2,'Matagorda');
INSERT INTO `players` VALUES (4251,2,'MITAAMAN');
INSERT INTO `players` VALUES (4252,2,'ArjukKagrim');
INSERT INTO `players` VALUES (4253,2,'urusaips');
INSERT INTO `players` VALUES (4254,2,'Blind Sider');
INSERT INTO `players` VALUES (4255,2,'Mvoski');
INSERT INTO `players` VALUES (4256,2,'basser0815');
INSERT INTO `players` VALUES (4257,2,'GreatWall118');
INSERT INTO `players` VALUES (4258,2,'Tekil');
INSERT INTO `players` VALUES (4259,2,'Madir');
INSERT INTO `players` VALUES (4260,2,'hardtimes492');
/*!40000 ALTER TABLE `players` ENABLE KEYS */;
UNLOCK TABLES;

--
-- Table structure for table `sites`
--

DROP TABLE IF EXISTS `sites`;
CREATE TABLE `sites` (
  `site_id` int(10) unsigned NOT NULL auto_increment,
  `site_name` varchar(32) NOT NULL default '',
  PRIMARY KEY  (`site_id`)
) ENGINE=MyISAM AUTO_INCREMENT=3 DEFAULT CHARSET=utf8;

--
-- Dumping data for table `sites`
--

LOCK TABLES `sites` WRITE;
/*!40000 ALTER TABLE `sites` DISABLE KEYS */;
INSERT INTO `sites` VALUES (1,'Full Tilt Poker');
INSERT INTO `sites` VALUES (2,'PokerStars');
/*!40000 ALTER TABLE `sites` ENABLE KEYS */;
UNLOCK TABLES;

/*!40101 SET SQL_MODE=@OLD_SQL_MODE */;
/*!40014 SET FOREIGN_KEY_CHECKS=@OLD_FOREIGN_KEY_CHECKS */;
/*!40014 SET UNIQUE_CHECKS=@OLD_UNIQUE_CHECKS */;
/*!40101 SET CHARACTER_SET_CLIENT=@OLD_CHARACTER_SET_CLIENT */;
/*!40101 SET CHARACTER_SET_RESULTS=@OLD_CHARACTER_SET_RESULTS */;
/*!40101 SET COLLATION_CONNECTION=@OLD_COLLATION_CONNECTION */;
/*!40111 SET SQL_NOTES=@OLD_SQL_NOTES */;

